Date,Symbol,Side,Quantity,Price,TradeValue,Allocated,RemainingAllocation,CashAfterTrade,EntryDate,EntryPrice
3/1/2012,CHCL,BUY,11,596,6556,6666.666667,110.6666667,193444,3/1/2012,596
3/5/2012,CHCL,SELL,11,599,6589,,,200033,3/1/2012,596
3/14/2012,EBL,BUY,9,670,6030,6666.666667,636.6666667,194003,3/14/2012,670
3/18/2012,EBL,SELL,9,683,6147,,,200150,3/14/2012,670
3/20/2012,EBL,BUY,10,665,6650,6666.666667,16.66666667,193500,3/20/2012,665
3/25/2012,ADBL,BUY,64,104,6656,6666.666667,10.66666667,193844,3/25/2012,104
3/25/2012,EBL,SELL,10,700,7000,,,200500,3/20/2012,665
3/27/2012,ADBL,SELL,64,107,6848,,,200692,3/25/2012,104
4/2/2012,ALICL,BUY,44,150,6600,6666.666667,66.66666667,194092,4/2/2012,150
4/25/2012,ALICL,SELL,44,191,8404,,,202496,4/2/2012,150
5/22/2012,OHL,BUY,86,77,6622,6666.666667,44.66666667,195874,5/22/2012,77
6/4/2012,OHL,SELL,86,92,7912,,,203786,5/22/2012,77
6/25/2012,KBL,BUY,29,225,6525,6666.666667,141.6666667,197261,6/25/2012,225
6/25/2012,SBI,BUY,11,560,6160,6666.666667,506.6666667,191101,6/25/2012,560
6/28/2012,HBL,BUY,11,590,6490,6666.666667,176.6666667,184611,6/28/2012,590
7/1/2012,GBBL,BUY,46,142,6532,6666.666667,134.6666667,184865,7/1/2012,142
7/1/2012,KBL,SELL,29,234,6786,,,191397,6/25/2012,225
7/2/2012,GBBL,SELL,46,142,6532,,,191397,7/1/2012,142
7/3/2012,NMB,BUY,37,180,6660,6666.666667,6.666666667,191546,7/3/2012,180
7/3/2012,SBI,SELL,11,619,6809,,,198206,6/25/2012,560
7/4/2012,NMB,SELL,37,191,7067,,,198613,7/3/2012,180
7/9/2012,HBL,SELL,11,635,6985,,,205598,6/28/2012,590
10/11/2012,JBBL,BUY,74,90,6660,6666.666667,6.666666667,198938,10/11/2012,90
10/14/2012,JBBL,SELL,74,91,6734,,,205672,10/11/2012,90
10/17/2012,JBBL,BUY,74,89,6586,6666.666667,80.66666667,199086,10/17/2012,89
11/5/2012,MNBBL,BUY,26,256,6656,6666.666667,10.66666667,192430,11/5/2012,256
11/12/2012,AHPC,BUY,20,332,6640,6666.666667,26.66666667,185790,11/12/2012,332
11/27/2012,JBBL,SELL,74,97,7178,,,192968,10/17/2012,89
11/28/2012,AHPC,SELL,20,340,6800,,,199768,11/12/2012,332
11/28/2012,MNBBL,SELL,26,263,6838,,,206606,11/5/2012,256
11/29/2012,DDBL,BUY,22,290,6380,6666.666667,286.6666667,200226,11/29/2012,290
12/6/2012,DDBL,SELL,22,298,6556,,,206782,11/29/2012,290
12/24/2012,AHPC,BUY,20,324,6480,6666.666667,186.6666667,200302,12/24/2012,324
1/1/2013,AHPC,SELL,20,330,6600,,,206902,12/24/2012,324
1/15/2013,GBBL,BUY,38,173,6574,6666.666667,92.66666667,200328,1/15/2013,173
1/22/2013,GBBL,SELL,38,179,6802,,,207130,1/15/2013,173
2/3/2013,JBBL,BUY,88,75,6600,6666.666667,66.66666667,200530,2/3/2013,75
2/4/2013,AHPC,BUY,20,318,6360,6666.666667,306.6666667,194170,2/4/2013,318
2/12/2013,AHPC,SELL,20,341,6820,,,200990,2/4/2013,318
2/12/2013,CZBIL,BUY,25,265,6625,6666.666667,41.66666667,194365,2/12/2013,265
2/12/2013,HBL,BUY,8,755,6040,6666.666667,626.6666667,188325,2/12/2013,755
2/19/2013,CZBIL,SELL,25,309,7725,,,196050,2/12/2013,265
2/24/2013,JBBL,SELL,88,82,7216,,,203266,2/3/2013,75
2/26/2013,BPCL,BUY,8,775,6200,6666.666667,466.6666667,197066,2/26/2013,775
2/28/2013,HBL,SELL,8,819,6552,,,203618,2/12/2013,755
3/7/2013,BPCL,SELL,8,789,6312,,,209930,2/26/2013,775
4/8/2013,CBBL,BUY,18,360,6480,6666.666667,186.6666667,203450,4/8/2013,360
4/9/2013,BPCL,BUY,8,760,6080,6666.666667,586.6666667,197370,4/9/2013,760
4/11/2013,BPCL,SELL,8,770,6160,,,203530,4/9/2013,760
4/15/2013,CHCL,BUY,5,1153,5765,6666.666667,901.6666667,197765,4/15/2013,1153
4/17/2013,CHCL,SELL,5,1155,5775,,,203540,4/15/2013,1153
4/21/2013,CBBL,SELL,18,380,6840,,,210380,4/8/2013,360
5/6/2013,MDB,BUY,51,130,6630,6666.666667,36.66666667,203750,5/6/2013,130
5/7/2013,PCBL,BUY,21,316,6636,6666.666667,30.66666667,197114,5/7/2013,316
5/13/2013,JBBL,BUY,88,75,6600,6666.666667,66.66666667,190514,5/13/2013,75
5/13/2013,LICN,BUY,6,975,5850,6666.666667,816.6666667,184664,5/13/2013,975
5/14/2013,JBBL,SELL,88,78,6864,,,191528,5/13/2013,75
5/14/2013,MDB,SELL,51,130,6630,,,198158,5/6/2013,130
5/15/2013,EBL,BUY,4,1533,6132,6666.666667,534.6666667,192026,5/15/2013,1533
5/16/2013,SBI,BUY,8,825,6600,6666.666667,66.66666667,185426,5/16/2013,825
5/19/2013,ALICL,BUY,30,220,6600,6666.666667,66.66666667,178826,5/19/2013,220
5/20/2013,ALICL,SELL,30,222,6660,,,185486,5/19/2013,220
5/20/2013,SBI,SELL,8,828,6624,,,192110,5/16/2013,825
5/23/2013,LICN,SELL,6,1130,6780,,,198890,5/13/2013,975
6/2/2013,PCBL,SELL,21,330,6930,,,205820,5/7/2013,316
6/3/2013,JBBL,BUY,92,72,6624,6666.666667,42.66666667,199196,6/3/2013,72
6/5/2013,EBL,SELL,4,1546,6184,,,205380,5/15/2013,1533
6/20/2013,MDB,BUY,48,138,6624,6666.666667,42.66666667,198756,6/20/2013,138
6/23/2013,JBBL,SELL,92,79,7268,,,206024,6/3/2013,72
6/24/2013,MDB,SELL,48,141,6768,,,212792,6/20/2013,138
6/26/2013,EBL,BUY,4,1530,6120,6666.666667,546.6666667,206672,6/26/2013,1530
6/26/2013,NABIL,BUY,3,1730,5190,6666.666667,1476.666667,201482,6/26/2013,1730
6/27/2013,EBL,SELL,4,1550,6200,,,207682,6/26/2013,1530
7/10/2013,HBL,BUY,9,690,6210,6666.666667,456.6666667,201472,7/10/2013,690
7/15/2013,NABIL,SELL,3,1790,5370,,,206842,6/26/2013,1730
7/23/2013,CIT,BUY,5,1180,5900,6666.666667,766.6666667,200942,7/23/2013,1180
7/31/2013,HBL,SELL,9,729,6561,,,207503,7/10/2013,690
8/4/2013,CIT,SELL,5,1519,7595,,,215098,7/23/2013,1180
8/20/2013,PCBL,BUY,21,312,6552,6666.666667,114.6666667,208546,8/20/2013,312
8/25/2013,PCBL,SELL,21,317,6657,,,215203,8/20/2013,312
9/15/2013,SBI,BUY,7,840,5880,6666.666667,786.6666667,209323,9/15/2013,840
9/17/2013,NHPC,BUY,130,51,6630,6666.666667,36.66666667,208650,9/17/2013,51
9/17/2013,SBI,SELL,7,851,5957,,,215280,9/15/2013,840
9/22/2013,NHPC,SELL,130,53,6890,,,215540,9/17/2013,51
10/8/2013,JBBL,BUY,85,78,6630,6666.666667,36.66666667,208910,10/8/2013,78
10/10/2013,SBI,BUY,8,750,6000,6666.666667,666.6666667,202910,10/10/2013,750
10/17/2013,JBBL,SELL,85,79,6715,,,209625,10/8/2013,78
10/27/2013,SBI,SELL,8,780,6240,,,215865,10/10/2013,750
10/28/2013,MNBBL,BUY,21,317,6657,6666.666667,9.666666667,209208,10/28/2013,317
10/30/2013,MNBBL,SELL,21,341,7161,,,216369,10/28/2013,317
10/31/2013,SBI,BUY,8,745,5960,6666.666667,706.6666667,210409,10/31/2013,745
12/1/2013,SBI,SELL,8,830,6640,,,217049,10/31/2013,745
2/26/2014,NTC,BUY,9,670,6030,6666.666667,636.6666667,211019,2/26/2014,670
3/4/2014,NTC,SELL,9,683,6147,,,217166,2/26/2014,670
3/24/2014,ADBL,BUY,13,483,6279,6666.666667,387.6666667,210887,3/24/2014,483
3/27/2014,PCBL,BUY,14,460,6440,6666.666667,226.6666667,204447,3/27/2014,460
3/31/2014,LICN,BUY,2,2440,4880,6666.666667,1786.666667,199567,3/31/2014,2440
4/1/2014,CZBIL,BUY,15,434,6510,6666.666667,156.6666667,193057,4/1/2014,434
4/3/2014,CZBIL,SELL,15,449,6735,,,199792,4/1/2014,434
4/6/2014,ADBL,SELL,13,484,6292,,,206084,3/24/2014,483
4/10/2014,PCBL,SELL,14,475,6650,,,212734,3/27/2014,460
4/16/2014,LICN,SELL,2,3055,6110,,,218844,3/31/2014,2440
4/22/2014,NTC,BUY,10,655,6550,6666.666667,116.6666667,212294,4/22/2014,655
4/23/2014,NTC,SELL,10,660,6600,,,218894,4/22/2014,655
4/27/2014,ADBL,BUY,13,480,6240,6666.666667,426.6666667,212654,4/27/2014,480
4/28/2014,ADBL,SELL,13,486,6318,,,218972,4/27/2014,480
4/30/2014,ADBL,BUY,14,465,6510,6666.666667,156.6666667,212462,4/30/2014,465
5/5/2014,SBI,BUY,6,975,5850,6666.666667,816.6666667,206612,5/5/2014,975
5/7/2014,ADBL,SELL,14,480,6720,,,213332,4/30/2014,465
5/20/2014,SBI,SELL,6,1013,6078,,,219410,5/5/2014,975
5/21/2014,PCBL,BUY,14,470,6580,6666.666667,86.66666667,212830,5/21/2014,470
5/22/2014,PCBL,SELL,14,485,6790,,,219620,5/21/2014,470
5/28/2014,ADBL,BUY,15,442,6630,6666.666667,36.66666667,212990,5/28/2014,442
5/28/2014,NABIL,BUY,3,1950,5850,6666.666667,816.6666667,207140,5/28/2014,1950
6/1/2014,ADBL,SELL,15,455,6825,,,213965,5/28/2014,442
6/3/2014,AHPC,BUY,15,418,6270,6666.666667,396.6666667,207695,6/3/2014,418
6/3/2014,CZBIL,BUY,15,432,6480,6666.666667,186.6666667,201215,6/3/2014,432
6/11/2014,AHPC,SELL,15,429,6435,,,207650,6/3/2014,418
6/15/2014,ALICL,BUY,7,890,6230,6666.666667,436.6666667,207900,6/15/2014,890
6/15/2014,NABIL,SELL,3,2160,6480,,,214130,5/28/2014,1950
6/18/2014,CZBIL,SELL,15,480,7200,,,215100,6/3/2014,432
6/25/2014,ALICL,SELL,7,1100,7700,,,222800,6/15/2014,890
7/6/2014,NTC,BUY,11,600,6600,6666.666667,66.66666667,216200,7/6/2014,600
7/7/2014,NTC,SELL,11,623,6853,,,223053,7/6/2014,600
9/15/2014,NMB,BUY,14,453,6342,6666.666667,324.6666667,216711,9/15/2014,453
9/16/2014,PCBL,BUY,13,497,6461,6666.666667,205.6666667,210250,9/16/2014,497
9/17/2014,PCBL,SELL,13,546,7098,,,217348,9/16/2014,497
9/21/2014,NMB,SELL,14,468,6552,,,223900,9/15/2014,453
10/26/2014,NTC,BUY,10,615,6150,6666.666667,516.6666667,217750,10/26/2014,615
10/28/2014,NTC,SELL,10,620,6200,,,223950,10/26/2014,615
11/20/2014,AHPC,BUY,19,350,6650,6666.666667,16.66666667,217300,11/20/2014,350
11/23/2014,AHPC,SELL,19,365,6935,,,224235,11/20/2014,350
11/23/2014,MDB,BUY,15,435,6525,6666.666667,141.6666667,217710,11/23/2014,435
11/24/2014,MDB,SELL,15,460,6900,,,224610,11/23/2014,435
12/10/2014,MDB,BUY,15,425,6375,6666.666667,291.6666667,218235,12/10/2014,425
12/11/2014,MDB,SELL,15,441,6615,,,224850,12/10/2014,425
12/14/2014,OHL,BUY,10,625,6250,6666.666667,416.6666667,218600,12/14/2014,625
12/15/2014,MDB,BUY,15,425,6375,6666.666667,291.6666667,212225,12/15/2014,425
12/16/2014,MDB,SELL,15,467,7005,,,219230,12/15/2014,425
12/17/2014,OHL,SELL,10,630,6300,,,225530,12/14/2014,625
12/18/2014,TRH,BUY,25,266,6650,6666.666667,16.66666667,218880,12/18/2014,266
12/23/2014,TRH,SELL,25,280,7000,,,225880,12/18/2014,266
12/28/2014,AHPC,BUY,18,353,6354,6666.666667,312.6666667,219526,12/28/2014,353
1/1/2015,AHPC,SELL,18,362,6516,,,226042,12/28/2014,353
1/4/2015,JBBL,BUY,44,149,6556,6666.666667,110.6666667,219486,1/4/2015,149
1/6/2015,JBBL,SELL,44,155,6820,,,226306,1/4/2015,149
1/7/2015,TRH,BUY,25,258,6450,6666.666667,216.6666667,219856,1/7/2015,258
1/14/2015,ADBL,BUY,14,475,6650,6666.666667,16.66666667,213206,1/14/2015,475
1/18/2015,ADBL,SELL,14,484,6776,,,219982,1/14/2015,475
1/19/2015,ADBL,BUY,14,475,6650,6666.666667,16.66666667,213332,1/19/2015,475
1/22/2015,ADBL,SELL,14,478,6692,,,220024,1/19/2015,475
2/2/2015,TRH,SELL,25,290,7250,,,227274,1/7/2015,258
3/19/2015,AHPC,BUY,19,344,6536,6666.666667,130.6666667,220738,3/19/2015,344
3/19/2015,CHCL,BUY,4,1609,6436,6666.666667,230.6666667,214302,3/19/2015,1609
3/22/2015,AHPC,SELL,19,358,6802,,,221104,3/19/2015,344
3/22/2015,CHCL,SELL,4,1630,6520,,,227624,3/19/2015,1609
3/22/2015,NTC,BUY,10,632,6320,6666.666667,346.6666667,221304,3/22/2015,632
3/26/2015,NTC,SELL,10,649,6490,,,227794,3/22/2015,632
4/13/2015,OHL,BUY,9,721,6489,6666.666667,177.6666667,221305,4/13/2015,721
4/13/2015,TRH,BUY,25,262,6550,6666.666667,116.6666667,214755,4/13/2015,262
4/15/2015,OHL,SELL,9,725,6525,,,221280,4/13/2015,721
4/15/2015,TRH,SELL,25,267,6675,,,227955,4/13/2015,262
4/19/2015,OHL,BUY,9,715,6435,6666.666667,231.6666667,221520,4/19/2015,715
4/20/2015,OHL,SELL,9,724,6516,,,228036,4/19/2015,715
6/3/2015,CHCL,BUY,4,1476,5904,6666.666667,762.6666667,222132,6/3/2015,1476
6/3/2015,LICN,BUY,3,2150,6450,6666.666667,216.6666667,215682,6/3/2015,2150
6/10/2015,BPCL,BUY,11,602,6622,6666.666667,44.66666667,209060,6/10/2015,602
6/11/2015,BPCL,SELL,11,640,7040,,,216100,6/10/2015,602
6/11/2015,CHCL,SELL,4,1580,6320,,,222420,6/3/2015,1476
6/28/2015,NHPC,BUY,56,118,6608,6666.666667,58.66666667,215812,6/28/2015,118
6/30/2015,NHPC,SELL,56,120,6720,,,222532,6/28/2015,118
7/7/2015,LICN,SELL,3,2830,8490,,,231022,6/3/2015,2150
7/8/2015,AHPC,BUY,21,315,6615,6666.666667,51.66666667,224407,7/8/2015,315
7/9/2015,AHPC,SELL,21,325,6825,,,231232,7/8/2015,315
7/26/2015,BPCL,BUY,11,606,6666,6666.666667,0.666666667,224566,7/26/2015,606
7/30/2015,BPCL,SELL,11,628,6908,,,231474,7/26/2015,606
8/2/2015,NHPC,BUY,55,120,6600,6666.666667,66.66666667,224874,8/2/2015,120
8/5/2015,NHPC,SELL,55,123,6765,,,231639,8/2/2015,120
8/10/2015,CBBL,BUY,4,1450,5800,6666.666667,866.6666667,225839,8/10/2015,1450
8/13/2015,CBBL,SELL,4,1620,6480,,,232319,8/10/2015,1450
8/16/2015,BPCL,BUY,11,593,6523,6666.666667,143.6666667,225796,8/16/2015,593
8/18/2015,MDB,BUY,13,490,6370,6666.666667,296.6666667,219426,8/18/2015,490
9/2/2015,BPCL,SELL,11,630,6930,,,226356,8/16/2015,593
9/30/2015,MDB,SELL,13,640,8320,,,234676,8/18/2015,490
10/8/2015,ADBL,BUY,14,450,6300,6666.666667,366.6666667,228376,10/8/2015,450
10/11/2015,ADBL,SELL,14,504,7056,,,235432,10/8/2015,450
11/2/2015,AHPC,BUY,24,274,6576,6666.666667,90.66666667,228856,11/2/2015,274
11/4/2015,AHPC,SELL,24,280,6720,,,235576,11/2/2015,274
11/8/2015,HBL,BUY,5,1255,6275,6666.666667,391.6666667,229301,11/8/2015,1255
11/10/2015,HBL,SELL,5,1309,6545,,,235846,11/8/2015,1255
12/1/2015,NTC,BUY,10,646,6460,6666.666667,206.6666667,229386,12/1/2015,646
12/2/2015,AHPC,BUY,24,268,6432,6666.666667,234.6666667,222954,12/2/2015,268
12/3/2015,AHPC,SELL,24,270,6480,,,229434,12/2/2015,268
12/3/2015,NTC,SELL,10,652,6520,,,235954,12/1/2015,646
12/4/2015,MDB,BUY,12,555,6660,6666.666667,6.666666667,229294,12/4/2015,555
12/13/2015,AHPC,BUY,25,263,6575,6666.666667,91.66666667,222719,12/13/2015,263
12/15/2015,AHPC,SELL,25,265,6625,,,229344,12/13/2015,263
12/17/2015,MDB,SELL,12,648,7776,,,237120,12/4/2015,555
12/31/2015,CBBL,BUY,4,1650,6600,6666.666667,66.66666667,230520,12/31/2015,1650
1/20/2016,CBBL,SELL,4,1745,6980,,,237500,12/31/2015,1650
2/29/2016,LICN,BUY,1,3490,3490,6666.666667,3176.666667,234010,2/29/2016,3490
3/1/2016,LICN,SELL,1,3500,3500,,,237510,2/29/2016,3490
3/10/2016,TRH,BUY,32,205,6560,6666.666667,106.6666667,230950,3/10/2016,205
3/30/2016,CHCL,BUY,5,1330,6650,6666.666667,16.66666667,224300,3/30/2016,1330
4/5/2016,CHCL,SELL,5,1330,6650,,,230950,3/30/2016,1330
4/5/2016,TRH,SELL,32,222,7104,,,238054,3/10/2016,205
5/3/2016,AHPC,BUY,21,307,6447,6666.666667,219.6666667,231607,5/3/2016,307
5/11/2016,AHPC,SELL,21,330,6930,,,238537,5/3/2016,307
5/18/2016,TRH,BUY,29,225,6525,6666.666667,141.6666667,232012,5/18/2016,225
5/25/2016,TRH,SELL,29,240,6960,,,238972,5/18/2016,225
5/26/2016,NHPC,BUY,37,178,6586,6666.666667,80.66666667,232386,5/26/2016,178
6/8/2016,NHPC,SELL,37,192,7104,,,239490,5/26/2016,178
6/12/2016,NABIL,BUY,2,2239,4478,6666.666667,2188.666667,235012,6/12/2016,2239
6/19/2016,TRH,BUY,28,230,6440,6666.666667,226.6666667,228572,6/19/2016,230
6/30/2016,NABIL,SELL,2,2450,4900,,,233472,6/12/2016,2239
6/30/2016,TRH,SELL,28,249,6972,,,240444,6/19/2016,230
7/18/2016,LICN,BUY,1,3590,3590,6666.666667,3076.666667,236854,7/18/2016,3590
7/19/2016,LICN,SELL,1,3700,3700,,,240554,7/18/2016,3590
7/26/2016,OHL,BUY,12,535,6420,6666.666667,246.6666667,234134,7/26/2016,535
8/8/2016,OHL,SELL,12,585,7020,,,241154,7/26/2016,535
8/28/2016,EBL,BUY,2,3304,6608,6666.666667,58.66666667,234546,8/28/2016,3304
8/29/2016,SANIMA,BUY,8,754,6032,6666.666667,634.6666667,228514,8/29/2016,754
8/31/2016,CIT,BUY,1,4770,4770,6666.666667,1896.666667,223744,8/31/2016,4770
8/31/2016,FMDBL,BUY,4,1650,6600,6666.666667,66.66666667,217144,8/31/2016,1650
8/31/2016,OHL,BUY,11,590,6490,6666.666667,176.6666667,210654,8/31/2016,590
9/5/2016,SADBL,BUY,13,491,6383,6666.666667,283.6666667,204271,9/5/2016,491
9/7/2016,SANIMA,SELL,8,784,6272,,,210543,8/29/2016,754
9/8/2016,CIT,SELL,1,4850,4850,,,215393,8/31/2016,4770
9/20/2016,EBL,SELL,2,3500,7000,,,222393,8/28/2016,3304
9/21/2016,FMDBL,SELL,4,1570,6280,,,228673,8/31/2016,1650
9/21/2016,SADBL,SELL,13,510,6630,,,235303,9/5/2016,491
9/22/2016,OHL,SELL,11,539,5929,,,241232,8/31/2016,590
9/27/2016,JBBL,BUY,38,172,6536,6666.666667,130.6666667,234696,9/27/2016,172
10/16/2016,JBBL,SELL,38,361,13718,,,248414,9/27/2016,172
11/16/2016,ALICL,BUY,3,1725,5175,6666.666667,1491.666667,243239,11/16/2016,1725
11/17/2016,ALICL,SELL,3,1760,5280,,,248519,11/16/2016,1725
11/30/2016,AHPC,BUY,23,285,6555,6666.666667,111.6666667,241964,11/30/2016,285
11/30/2016,HBL,BUY,5,1221,6105,6666.666667,561.6666667,235859,11/30/2016,1221
11/30/2016,SBI,BUY,4,1587,6348,6666.666667,318.6666667,229511,11/30/2016,1587
12/1/2016,AHPC,SELL,23,287,6601,,,236112,11/30/2016,285
12/5/2016,HBL,SELL,5,1260,6300,,,242412,11/30/2016,1221
12/5/2016,SBI,SELL,4,1605,6420,,,248832,11/30/2016,1587
1/2/2017,CZBIL,BUY,14,473,6622,6666.666667,44.66666667,242210,1/2/2017,473
1/3/2017,CZBIL,SELL,14,495,6930,,,249140,1/2/2017,473
2/1/2017,SBI,BUY,4,1390,5560,6666.666667,1106.666667,243580,2/1/2017,1390
2/5/2017,SBI,SELL,4,1120,4480,,,248060,2/1/2017,1390
2/15/2017,JBBL,BUY,27,245,6615,6666.666667,51.66666667,241445,2/15/2017,245
2/15/2017,TRH,BUY,33,199,6567,6666.666667,99.66666667,234878,2/15/2017,199
2/16/2017,ALICL,BUY,5,1122,5610,6666.666667,1056.666667,235802,2/16/2017,1122
2/16/2017,KBL,BUY,12,523,6276,6666.666667,390.6666667,229526,2/16/2017,523
2/16/2017,NABIL,BUY,4,1433,5732,6666.666667,934.6666667,223794,2/16/2017,1433
2/16/2017,TRH,SELL,33,198,6534,,,241412,2/15/2017,199
2/19/2017,CIT,BUY,2,3140,6280,6666.666667,386.6666667,217514,2/19/2017,3140
2/20/2017,ALICL,SELL,5,1230,6150,,,223664,2/16/2017,1122
2/20/2017,JBBL,SELL,27,260,7020,,,230684,2/15/2017,245
2/22/2017,KBL,SELL,12,519,6228,,,236912,2/16/2017,523
2/26/2017,CIT,SELL,2,3151,6302,,,243214,2/19/2017,3140
2/26/2017,NABIL,SELL,4,1470,5880,,,249094,2/16/2017,1433
3/19/2017,OHL,BUY,14,455,6370,6666.666667,296.6666667,242724,3/19/2017,455
3/22/2017,CZBIL,BUY,16,410,6560,6666.666667,106.6666667,236164,3/22/2017,410
3/28/2017,CZBIL,SELL,16,420,6720,,,242884,3/22/2017,410
4/20/2017,OHL,SELL,14,645,9030,,,251914,3/19/2017,455
5/15/2017,ADBL,BUY,14,470,6580,6666.666667,86.66666667,245334,5/15/2017,470
5/16/2017,ADBL,SELL,14,461,6454,,,251788,5/15/2017,470
7/6/2017,ALICL,BUY,4,1475,5900,6666.666667,766.6666667,245888,7/6/2017,1475
7/9/2017,ALICL,SELL,4,1484,5936,,,251824,7/6/2017,1475
7/9/2017,NMB,BUY,12,543,6516,6666.666667,150.6666667,245308,7/9/2017,543
7/10/2017,MNBBL,BUY,7,940,6580,6666.666667,86.66666667,245448,7/10/2017,940
7/10/2017,NMB,SELL,12,560,6720,,,252028,7/9/2017,543
7/17/2017,MNBBL,SELL,7,960,6720,,,252168,7/10/2017,940
7/18/2017,NHPC,BUY,48,137,6576,6666.666667,90.66666667,245592,7/18/2017,137
7/19/2017,NHPC,SELL,48,144,6912,,,252504,7/18/2017,137
9/18/2017,CHCL,BUY,8,770,6160,6666.666667,506.6666667,246344,9/18/2017,770
9/24/2017,TRH,BUY,23,278,6394,6666.666667,272.6666667,239950,9/24/2017,278
10/3/2017,CHCL,SELL,8,810,6480,,,246430,9/18/2017,770
10/8/2017,TRH,SELL,23,278,6394,,,252824,9/24/2017,278
10/16/2017,HBL,BUY,7,872,6104,6666.666667,562.6666667,246720,10/16/2017,872
10/24/2017,HBL,SELL,7,890,6230,,,252950,10/16/2017,872
11/6/2017,CIT,BUY,1,3660,3660,6666.666667,3006.666667,249290,11/6/2017,3660
11/7/2017,CIT,SELL,1,3750,3750,,,253040,11/6/2017,3660
11/13/2017,CHCL,BUY,8,795,6360,6666.666667,306.6666667,246680,11/13/2017,795
11/14/2017,BPCL,BUY,10,621,6210,6666.666667,456.6666667,240470,11/14/2017,621
11/16/2017,BPCL,SELL,10,618,6180,,,246650,11/14/2017,621
11/22/2017,TRH,BUY,23,280,6440,6666.666667,226.6666667,240210,11/22/2017,280
11/23/2017,GBBL,BUY,28,238,6664,6666.666667,2.666666667,233546,11/23/2017,238
11/26/2017,KBL,BUY,22,297,6534,6666.666667,132.6666667,227012,11/26/2017,297
11/26/2017,MDB,BUY,13,488,6344,6666.666667,322.6666667,220668,11/26/2017,488
11/26/2017,NMB,BUY,14,472,6608,6666.666667,58.66666667,214060,11/26/2017,472
11/27/2017,GBBL,SELL,28,246,6888,,,220948,11/23/2017,238
11/28/2017,CHCL,SELL,8,940,7520,,,228468,11/13/2017,795
11/28/2017,NMB,SELL,14,480,6720,,,235188,11/26/2017,472
12/11/2017,KBL,SELL,22,305,6710,,,241898,11/26/2017,297
12/12/2017,TRH,SELL,23,320,7360,,,249258,11/22/2017,280
12/18/2017,MDB,SELL,13,508,6604,,,255862,11/26/2017,488
1/8/2018,CIT,BUY,1,3590,3590,6666.666667,3076.666667,252272,1/8/2018,3590
1/8/2018,NHPC,BUY,56,118,6608,6666.666667,58.66666667,245664,1/8/2018,118
1/14/2018,CIT,SELL,1,3610,3610,,,249274,1/8/2018,3590
1/14/2018,NHPC,SELL,56,118,6608,,,255882,1/8/2018,118
2/1/2018,LICN,BUY,3,1925,5775,6666.666667,891.6666667,250107,2/1/2018,1925
2/4/2018,TRH,BUY,21,312,6552,6666.666667,114.6666667,243555,2/4/2018,312
2/5/2018,LICN,SELL,3,1951,5853,,,249408,2/1/2018,1925
2/5/2018,TRH,SELL,21,316,6636,,,256044,2/4/2018,312
2/14/2018,OHL,BUY,10,642,6420,6666.666667,246.6666667,249624,2/14/2018,642
2/15/2018,CHCL,BUY,7,865,6055,6666.666667,611.6666667,243569,2/15/2018,865
2/15/2018,CIT,BUY,1,3498,3498,6666.666667,3168.666667,240071,2/15/2018,3498
2/20/2018,CHCL,SELL,7,865,6055,,,246126,2/15/2018,865
2/20/2018,CIT,SELL,1,3480,3480,,,249606,2/15/2018,3498
2/21/2018,OHL,SELL,10,650,6500,,,256106,2/14/2018,642
5/16/2018,BBC,BUY,3,1779,5337,6666.666667,1329.666667,250769,5/16/2018,1779
5/17/2018,BBC,SELL,3,1778,5334,,,256103,5/16/2018,1779
7/2/2018,GBBL,BUY,36,182,6552,6666.666667,114.6666667,249551,7/2/2018,182
7/3/2018,GBBL,SELL,36,173,6228,,,255779,7/2/2018,182
7/5/2018,CHCL,BUY,8,745,5960,6666.666667,706.6666667,249819,7/5/2018,745
7/5/2018,CIT,BUY,2,2490,4980,6666.666667,1686.666667,244839,7/5/2018,2490
7/5/2018,CZBIL,BUY,28,231,6468,6666.666667,198.6666667,238371,7/5/2018,231
7/5/2018,DDBL,BUY,9,730,6570,6666.666667,96.66666667,231801,7/5/2018,730
7/5/2018,PCBL,BUY,23,284,6532,6666.666667,134.6666667,225269,7/5/2018,284
7/5/2018,SANIMA,BUY,20,326,6520,6666.666667,146.6666667,218749,7/5/2018,326
7/9/2018,CHCL,SELL,8,745,5960,,,224709,7/5/2018,745
7/9/2018,CIT,SELL,2,2485,4970,,,229679,7/5/2018,2490
7/9/2018,DDBL,SELL,9,750,6750,,,236429,7/5/2018,730
7/9/2018,PCBL,SELL,23,288,6624,,,243053,7/5/2018,284
7/9/2018,SANIMA,SELL,20,336,6720,,,249773,7/5/2018,326
7/11/2018,CZBIL,SELL,28,240,6720,,,256493,7/5/2018,231
7/16/2018,TRH,BUY,24,267,6408,6666.666667,258.6666667,250085,7/16/2018,267
7/19/2018,TRH,SELL,24,269,6456,,,256541,7/16/2018,267
7/30/2018,MDB,BUY,24,277,6648,6666.666667,18.66666667,249893,7/30/2018,277
7/31/2018,MDB,SELL,24,285,6840,,,256733,7/30/2018,277
8/14/2018,BBC,BUY,3,1698,5094,6666.666667,1572.666667,251639,8/14/2018,1698
8/14/2018,SANIMA,BUY,21,315,6615,6666.666667,51.66666667,245024,8/14/2018,315
8/15/2018,ALICL,BUY,10,610,6100,6666.666667,566.6666667,238924,8/15/2018,610
8/15/2018,NHPC,BUY,84,79,6636,6666.666667,30.66666667,232288,8/15/2018,79
8/16/2018,ALICL,SELL,10,636,6360,,,238648,8/15/2018,610
8/16/2018,BBC,SELL,3,1715,5145,,,243793,8/14/2018,1698
8/16/2018,NHPC,SELL,84,83,6972,,,250765,8/15/2018,79
8/19/2018,MDB,BUY,24,270,6480,6666.666667,186.6666667,244285,8/19/2018,270
8/21/2018,MDB,SELL,24,275,6600,,,250885,8/19/2018,270
8/26/2018,SANIMA,SELL,21,314,6594,,,257479,8/14/2018,315
9/2/2018,NHPC,BUY,84,79,6636,6666.666667,30.66666667,250843,9/2/2018,79
9/5/2018,CIT,BUY,2,2400,4800,6666.666667,1866.666667,246043,9/5/2018,2400
9/5/2018,HBL,BUY,12,540,6480,6666.666667,186.6666667,239563,9/5/2018,540
9/6/2018,CIT,SELL,2,2480,4960,,,244523,9/5/2018,2400
9/9/2018,HBL,SELL,12,565,6780,,,251303,9/5/2018,540
9/23/2018,NHPC,SELL,84,84,7056,,,258359,9/2/2018,79
10/15/2018,AHPC,BUY,51,130,6630,6666.666667,36.66666667,251729,10/15/2018,130
10/23/2018,AHPC,SELL,51,130,6630,,,258359,10/15/2018,130
11/1/2018,HBL,BUY,12,540,6480,6666.666667,186.6666667,251879,11/1/2018,540
11/4/2018,HBL,SELL,12,545,6540,,,258419,11/1/2018,540
11/28/2018,SADBL,BUY,46,144,6624,6666.666667,42.66666667,251795,11/28/2018,144
11/29/2018,SADBL,SELL,46,146.16,6723.36,,,258518.36,11/28/2018,144
12/4/2018,NTC,BUY,8,773,6184,6666.666667,482.6666667,252334.36,12/4/2018,773
12/6/2018,NTC,SELL,8,767,6136,,,258470.36,12/4/2018,773
12/10/2018,MDB,BUY,24,270,6480,6666.666667,186.6666667,251990.36,12/10/2018,270
12/11/2018,MDB,SELL,24,280,6720,,,258710.36,12/10/2018,270
12/12/2018,CHCL,BUY,10,608,6080,6666.666667,586.6666667,252630.36,12/12/2018,608
12/16/2018,PCBL,BUY,20,320,6400,6666.666667,266.6666667,246230.36,12/16/2018,320
12/18/2018,NTC,BUY,8,776,6208,6666.666667,458.6666667,240022.36,12/18/2018,776
12/25/2018,PCBL,SELL,20,338,6760,,,246782.36,12/16/2018,320
12/30/2018,NTC,SELL,8,797,6376,,,253158.36,12/18/2018,776
1/3/2019,CHCL,SELL,10,562.5,5625,,,258783.36,12/12/2018,608
1/6/2019,JBBL,BUY,49,136,6664,6666.666667,2.666666667,252119.36,1/6/2019,136
1/10/2019,CBBL,BUY,8,821,6568,6666.666667,98.66666667,245551.36,1/10/2019,821
1/10/2019,TRH,BUY,27,239,6453,6666.666667,213.6666667,239098.36,1/10/2019,239
1/13/2019,TRH,SELL,27,250,6750,,,245848.36,1/10/2019,239
1/16/2019,CBBL,SELL,8,885,7080,,,252928.36,1/10/2019,821
1/17/2019,JBBL,SELL,49,139,6811,,,259739.36,1/6/2019,136
1/20/2019,BBC,BUY,3,1749,5247,6666.666667,1419.666667,254492.36,1/20/2019,1749
1/21/2019,BBC,SELL,3,1783,5349,,,259841.36,1/20/2019,1749
1/23/2019,NHPC,BUY,98,68,6664,6666.666667,2.666666667,253177.36,1/23/2019,68
1/27/2019,NHPC,SELL,98,69,6762,,,259939.36,1/23/2019,68
3/3/2019,NLIC,BUY,6,1015,6090,6666.666667,576.6666667,253849.36,3/3/2019,1015
3/6/2019,FMDBL,BUY,18,358,6444,6666.666667,222.6666667,247405.36,3/6/2019,358
3/6/2019,GBBL,BUY,37,180,6660,6666.666667,6.666666667,240745.36,3/6/2019,180
3/7/2019,FMDBL,SELL,18,367,6606,,,247351.36,3/6/2019,358
3/9/2019,GBBL,SELL,37,185,6845,,,254196.36,3/6/2019,180
3/9/2019,JBBL,BUY,49,135,6615,6666.666667,51.66666667,247581.36,3/9/2019,135
3/12/2019,NLIC,SELL,6,1111,6666,,,254247.36,3/3/2019,1015
3/24/2019,JBBL,SELL,49,136,6664,,,260911.36,3/9/2019,135
4/24/2019,JBBL,BUY,48,137,6576,6666.666667,90.66666667,254335.36,4/24/2019,137
5/5/2019,JBBL,SELL,48,140,6720,,,261055.36,4/24/2019,137
5/22/2019,NHPC,BUY,95,70,6650,6666.666667,16.66666667,254405.36,5/22/2019,70
5/27/2019,NHPC,SELL,95,70,6650,,,261055.36,5/22/2019,70
7/16/2019,AHPC,BUY,60,111,6660,6666.666667,6.666666667,254395.36,7/16/2019,111
7/16/2019,HBL,BUY,11,574,6314,6666.666667,352.6666667,248081.36,7/16/2019,574
7/17/2019,NHPC,BUY,102,65,6630,6666.666667,36.66666667,241451.36,7/17/2019,65
7/21/2019,AHPC,SELL,60,108,6480,,,247931.36,7/16/2019,111
7/24/2019,MDB,BUY,28,235,6580,6666.666667,86.66666667,247981.36,7/24/2019,235
7/24/2019,NHPC,SELL,102,65,6630,,,254561.36,7/17/2019,65
7/25/2019,MDB,SELL,28,240,6720,,,254701.36,7/24/2019,235
7/28/2019,HBL,SELL,11,550,6050,,,260751.36,7/16/2019,574
8/12/2019,OHL,BUY,10,612,6120,6666.666667,546.6666667,254631.36,8/12/2019,612
8/13/2019,OHL,SELL,10,600,6000,,,260631.36,8/12/2019,612
8/20/2019,HBL,BUY,12,545,6540,6666.666667,126.6666667,254091.36,8/20/2019,545
8/22/2019,HBL,SELL,12,557,6684,,,260775.36,8/20/2019,545
8/22/2019,JBBL,BUY,41,159,6519,6666.666667,147.6666667,254256.36,8/22/2019,159
9/3/2019,BPCL,BUY,17,380,6460,6666.666667,206.6666667,247796.36,9/3/2019,380
9/4/2019,BPCL,SELL,17,383,6511,,,254307.36,9/3/2019,380
9/4/2019,SBI,BUY,15,444,6660,6666.666667,6.666666667,247647.36,9/4/2019,444
9/4/2019,TRH,BUY,22,296,6512,6666.666667,154.6666667,241135.36,9/4/2019,296
9/5/2019,SBI,SELL,15,440,6600,,,247735.36,9/4/2019,444
9/5/2019,TRH,SELL,22,299,6578,,,254313.36,9/4/2019,296
9/8/2019,JBBL,SELL,41,162,6642,,,260955.36,8/22/2019,159
9/18/2019,DDBL,BUY,9,729,6561,6666.666667,105.6666667,254394.36,9/18/2019,729
9/18/2019,TRH,BUY,23,284,6532,6666.666667,134.6666667,247862.36,9/18/2019,284
9/19/2019,TRH,SELL,23,295,6785,,,254647.36,9/18/2019,284
9/22/2019,DDBL,SELL,9,718,6462,,,261109.36,9/18/2019,729
10/3/2019,JBBL,BUY,42,156,6552,6666.666667,114.6666667,254557.36,10/3/2019,156
10/20/2019,JBBL,SELL,42,159,6678,,,261235.36,10/3/2019,156
10/21/2019,MDB,BUY,26,249,6474,6666.666667,192.6666667,254761.36,10/21/2019,249
11/3/2019,MDB,SELL,26,253,6578,,,261339.36,10/21/2019,249
11/11/2019,AHPC,BUY,70,94,6580,6666.666667,86.66666667,254759.36,11/11/2019,94
11/12/2019,AHPC,SELL,70,105,7350,,,262109.36,11/11/2019,94
11/18/2019,AHPC,BUY,70,94,6580,6666.666667,86.66666667,255529.36,11/18/2019,94
11/19/2019,AHPC,SELL,70,99,6930,,,262459.36,11/18/2019,94
11/27/2019,AHPC,BUY,72,92,6624,6666.666667,42.66666667,255835.36,11/27/2019,92
11/28/2019,AHPC,SELL,72,97,6984,,,262819.36,11/27/2019,92
12/4/2019,JBBL,BUY,43,155,6665,6666.666667,1.666666667,256154.36,12/4/2019,155
12/9/2019,ADBL,BUY,16,408,6528,6666.666667,138.6666667,249626.36,12/9/2019,408
12/9/2019,BPCL,BUY,19,342,6498,6666.666667,168.6666667,243128.36,12/9/2019,342
12/15/2019,BPCL,SELL,19,360,6840,,,249968.36,12/9/2019,342
12/16/2019,ADBL,SELL,16,415,6640,,,256608.36,12/9/2019,408
12/19/2019,JBBL,SELL,43,166,7138,,,263746.36,12/4/2019,155
1/1/2020,MDB,BUY,27,243,6561,6666.666667,105.6666667,257185.36,1/1/2020,243
1/13/2020,AHPC,BUY,70,94,6580,6666.666667,86.66666667,250605.36,1/13/2020,94
1/14/2020,MDB,SELL,27,287,7749,,,258354.36,1/1/2020,243
1/15/2020,JBBL,BUY,40,164,6560,6666.666667,106.6666667,251794.36,1/15/2020,164
1/23/2020,AHPC,SELL,70,94,6580,,,258374.36,1/13/2020,94
2/3/2020,NHPC,BUY,123,54,6642,6666.666667,24.66666667,251732.36,2/3/2020,54
2/13/2020,JBBL,SELL,40,189,7560,,,259292.36,1/15/2020,164
2/17/2020,AHPC,BUY,66,100,6600,6666.666667,66.66666667,252692.36,2/17/2020,100
2/17/2020,HBL,BUY,12,535,6420,6666.666667,246.6666667,246272.36,2/17/2020,535
2/17/2020,NTC,BUY,10,622,6220,6666.666667,446.6666667,240052.36,2/17/2020,622
2/27/2020,HBL,SELL,12,623,7476,,,247528.36,2/17/2020,535
3/3/2020,NHPC,SELL,123,62,7626,,,255154.36,2/3/2020,54
3/4/2020,AHPC,SELL,66,103,6798,,,261952.36,2/17/2020,100
3/5/2020,NTC,SELL,10,642,6420,,,268372.36,2/17/2020,622
7/2/2020,AHPC,BUY,68,98,6664,6666.666667,2.666666667,261708.36,7/2/2020,98
7/5/2020,AHPC,SELL,68,97,6596,,,268304.36,7/2/2020,98
7/7/2020,NABIL,BUY,8,750,6000,6666.666667,666.6666667,262304.36,7/7/2020,750
7/7/2020,NHPC,BUY,125,53,6625,6666.666667,41.66666667,255679.36,7/7/2020,53
7/7/2020,NTC,BUY,10,632,6320,6666.666667,346.6666667,249359.36,7/7/2020,632
7/8/2020,NHPC,SELL,125,56,7000,,,256359.36,7/7/2020,53
7/21/2020,NTC,SELL,10,645,6450,,,262809.36,7/7/2020,632
8/3/2020,NABIL,SELL,8,809,6472,,,269281.36,7/7/2020,750
8/9/2020,CIT,BUY,2,2490,4980,6666.666667,1686.666667,264301.36,8/9/2020,2490
8/10/2020,SADBL,BUY,45,145,6525,6666.666667,141.6666667,257776.36,8/10/2020,145
8/12/2020,SADBL,SELL,45,151,6795,,,264571.36,8/10/2020,145
8/18/2020,AHPC,BUY,71,93,6603,6666.666667,63.66666667,257968.36,8/18/2020,93
8/19/2020,AHPC,SELL,71,94,6674,,,264642.36,8/18/2020,93
8/25/2020,AHPC,BUY,70,94,6580,6666.666667,86.66666667,258062.36,8/25/2020,94
8/26/2020,JBBL,BUY,39,170,6630,6666.666667,36.66666667,251432.36,8/26/2020,170
8/26/2020,SADBL,BUY,45,146,6570,6666.666667,96.66666667,244862.36,8/26/2020,146
8/26/2020,SBI,BUY,15,429,6435,6666.666667,231.6666667,238427.36,8/26/2020,429
8/27/2020,AHPC,SELL,70,96,6720,,,245147.36,8/25/2020,94
8/27/2020,KBL,BUY,34,192,6528,6666.666667,138.6666667,245189.36,8/27/2020,192
8/27/2020,SADBL,SELL,45,146,6570,,,251717.36,8/26/2020,146
8/31/2020,JBBL,SELL,39,176,6864,,,252053.36,8/26/2020,170
9/2/2020,SBI,SELL,15,432,6480,,,258533.36,8/26/2020,429
9/7/2020,KBL,SELL,34,189,6426,,,264959.36,8/27/2020,192
9/14/2020,CIT,SELL,2,3400,6800,,,271759.36,8/9/2020,2490
10/29/2020,FMDBL,BUY,11,580,6380,6666.666667,286.6666667,265379.36,10/29/2020,580
11/5/2020,FMDBL,SELL,11,603,6633,,,272012.36,10/29/2020,580
11/11/2020,NMB,BUY,15,419,6285,6666.666667,381.6666667,265727.36,11/11/2020,419
12/1/2020,NMB,SELL,15,464,6960,,,272687.36,11/11/2020,419
1/11/2021,NHPC,BUY,60,111,6660,6666.666667,6.666666667,266027.36,1/11/2021,111
1/13/2021,NHPC,SELL,60,112,6720,,,272747.36,1/11/2021,111
2/8/2021,SANIMA,BUY,18,358,6444,6666.666667,222.6666667,266303.36,2/8/2021,358
2/18/2021,SANIMA,SELL,18,411,7398,,,273701.36,2/8/2021,358
3/22/2021,GBBL,BUY,20,326,6520,6666.666667,146.6666667,267181.36,3/22/2021,326
3/23/2021,GBBL,SELL,20,310,6200,,,273381.36,3/22/2021,326
4/1/2021,SADBL,BUY,32,206,6592,6666.666667,74.66666667,266789.36,4/1/2021,206
4/7/2021,SADBL,SELL,32,216,6912,,,273701.36,4/1/2021,206
4/22/2021,BBC,BUY,2,3024,6048,6666.666667,618.6666667,267653.36,4/22/2021,3024
5/2/2021,DDBL,BUY,3,1839,5517,6666.666667,1149.666667,262136.36,5/2/2021,1839
5/3/2021,BBC,SELL,2,5888,11776,,,273912.36,4/22/2021,3024
5/4/2021,DDBL,SELL,3,1798,5394,,,279306.36,5/2/2021,1839
5/13/2021,SADBL,BUY,28,235,6580,6666.666667,86.66666667,272726.36,5/13/2021,235
5/16/2021,PCBL,BUY,15,433,6495,6666.666667,171.6666667,266231.36,5/16/2021,433
6/1/2021,SADBL,SELL,28,328,9184,,,275415.36,5/13/2021,235
6/2/2021,CIT,BUY,1,3921,3921,6666.666667,2745.666667,271494.36,6/2/2021,3921
6/3/2021,CIT,SELL,1,4005,4005,,,275499.36,6/2/2021,3921
6/6/2021,CIT,BUY,1,4024,4024,6666.666667,2642.666667,271475.36,6/6/2021,4024
6/15/2021,PCBL,SELL,15,484,7260,,,278735.36,5/16/2021,433
6/16/2021,FMDBL,BUY,7,861,6027,6666.666667,639.6666667,272708.36,6/16/2021,861
6/20/2021,FMDBL,SELL,7,880,6160,,,278868.36,6/16/2021,861
6/22/2021,CIT,SELL,1,3900,3900,,,282768.36,6/6/2021,4024
7/1/2021,NTC,BUY,5,1280,6400,6666.666667,266.6666667,276368.36,7/1/2021,1280
7/12/2021,NTC,SELL,5,1350,6750,,,283118.36,7/1/2021,1280
7/18/2021,ALICL,BUY,4,1370,5480,6666.666667,1186.666667,277638.36,7/18/2021,1370
7/18/2021,SBI,BUY,16,415,6640,6666.666667,26.66666667,270998.36,7/18/2021,415
7/26/2021,SBI,SELL,16,449.8,7196.8,,,278195.16,7/18/2021,415
7/29/2021,ALICL,SELL,4,1430,5720,,,283915.16,7/18/2021,1370
10/5/2021,CBBL,BUY,3,1697,5091,6666.666667,1575.666667,278824.16,10/5/2021,1697
10/6/2021,NABIL,BUY,4,1410,5640,6666.666667,1026.666667,273184.16,10/6/2021,1410
10/6/2021,PCBL,BUY,13,480,6240,6666.666667,426.6666667,266944.16,10/6/2021,480
10/11/2021,NABIL,SELL,4,1503,6012,,,272956.16,10/6/2021,1410
10/11/2021,PCBL,SELL,13,484,6292,,,279248.16,10/6/2021,480
10/18/2021,CBBL,SELL,3,1750,5250,,,284498.16,10/5/2021,1697
10/26/2021,SADBL,BUY,17,378.1,6427.7,6666.666667,238.9666667,278070.46,10/26/2021,378.1
10/31/2021,SADBL,SELL,17,413,7021,,,285091.46,10/26/2021,378.1
11/16/2021,BBC,BUY,1,5300,5300,6666.666667,1366.666667,279791.46,11/16/2021,5300
11/16/2021,CIT,BUY,1,3345,3345,6666.666667,3321.666667,276446.46,11/16/2021,3345
11/17/2021,FMDBL,BUY,7,935,6545,6666.666667,121.6666667,269901.46,11/17/2021,935
11/18/2021,CIT,SELL,1,3318,3318,,,273219.46,11/16/2021,3345
11/21/2021,BBC,SELL,1,5396,5396,,,278615.46,11/16/2021,5300
11/21/2021,FMDBL,SELL,7,940,6580,,,285195.46,11/17/2021,935
12/22/2021,BBC,BUY,1,4550,4550,6666.666667,2116.666667,280645.46,12/22/2021,4550
12/22/2021,NABIL,BUY,4,1460,5840,6666.666667,826.6666667,274805.46,12/22/2021,1460
12/29/2021,NABIL,SELL,4,1499,5996,,,280801.46,12/22/2021,1460
1/4/2022,NMB,BUY,20,330.1,6602,6666.666667,64.66666667,274199.46,1/4/2022,330.1
1/5/2022,BBC,SELL,1,4950,4950,,,279149.46,12/22/2021,4550
1/5/2022,NMB,SELL,20,360,7200,,,286349.46,1/4/2022,330.1
2/1/2022,CHCL,BUY,12,515,6180,6666.666667,486.6666667,280169.46,2/1/2022,515
2/3/2022,CHCL,SELL,12,539.5,6474,,,286643.46,2/1/2022,515
3/13/2022,ADBL,BUY,17,390,6630,6666.666667,36.66666667,280013.46,3/13/2022,390
3/13/2022,ALICL,BUY,8,821.1,6568.8,6666.666667,97.86666667,273444.66,3/13/2022,821.1
3/13/2022,TRH,BUY,18,359,6462,6666.666667,204.6666667,266982.66,3/13/2022,359
3/16/2022,ADBL,SELL,17,399,6783,,,273765.66,3/13/2022,390
3/24/2022,TRH,SELL,18,367,6606,,,280371.66,3/13/2022,359
3/31/2022,ALICL,SELL,8,887,7096,,,287467.66,3/13/2022,821.1
4/24/2022,MDB,BUY,14,453,6342,6666.666667,324.6666667,281125.66,4/24/2022,453
4/24/2022,NMB,BUY,22,293.9,6465.8,6666.666667,200.8666667,274659.86,4/24/2022,293.9
4/25/2022,MDB,SELL,14,470,6580,,,281239.86,4/24/2022,453
4/25/2022,NMB,SELL,22,304.9,6707.8,,,287947.66,4/24/2022,293.9
4/27/2022,TRH,BUY,18,353,6354,6666.666667,312.6666667,281593.66,4/27/2022,353
5/2/2022,TRH,SELL,18,364.9,6568.2,,,288161.86,4/27/2022,353
5/11/2022,DDBL,BUY,6,1075.3,6451.8,6666.666667,214.8666667,281710.06,5/11/2022,1075.3
5/11/2022,JBBL,BUY,18,358.1,6445.8,6666.666667,220.8666667,275264.26,5/11/2022,358.1
5/11/2022,MNBBL,BUY,14,467,6538,6666.666667,128.6666667,268726.26,5/11/2022,467
5/12/2022,DDBL,SELL,6,1116,6696,,,275422.26,5/11/2022,1075.3
5/12/2022,JBBL,SELL,18,380,6840,,,282262.26,5/11/2022,358.1
5/17/2022,MNBBL,SELL,14,483,6762,,,289024.26,5/11/2022,467
6/26/2022,CIT,BUY,2,2251.1,4502.2,6666.666667,2164.466667,284522.06,6/26/2022,2251.1
6/26/2022,FMDBL,BUY,10,613.9,6139,6666.666667,527.6666667,278383.06,6/26/2022,613.9
6/26/2022,KBL,BUY,33,200,6600,6666.666667,66.66666667,271783.06,6/26/2022,200
6/26/2022,OHL,BUY,15,438,6570,6666.666667,96.66666667,265213.06,6/26/2022,438
6/26/2022,TRH,BUY,21,308,6468,6666.666667,198.6666667,258745.06,6/26/2022,308
6/27/2022,FMDBL,SELL,10,655,6550,,,265295.06,6/26/2022,613.9
6/27/2022,KBL,SELL,33,205,6765,,,272060.06,6/26/2022,200
6/27/2022,OHL,SELL,15,451,6765,,,278825.06,6/26/2022,438
6/28/2022,TRH,SELL,21,332,6972,,,285797.06,6/26/2022,308
6/30/2022,NHPC,BUY,29,225,6525,6666.666667,141.6666667,279272.06,6/30/2022,225
7/11/2022,CIT,SELL,2,2500,5000,,,284272.06,6/26/2022,2251.1
7/11/2022,NHPC,SELL,29,233.8,6780.2,,,291052.26,6/30/2022,225
7/13/2022,SBI,BUY,24,270,6480,6666.666667,186.6666667,284572.26,7/13/2022,270
7/14/2022,ADBL,BUY,20,318,6360,6666.666667,306.6666667,285088.26,7/14/2022,318
7/14/2022,SBI,SELL,24,286.5,6876,,,291448.26,7/13/2022,270
7/15/2022,SANIMA,BUY,25,260,6500,6666.666667,166.6666667,278588.26,7/15/2022,260
7/17/2022,KBL,BUY,34,194,6596,6666.666667,70.66666667,271992.26,7/17/2022,194
7/18/2022,TRH,BUY,20,325,6500,6666.666667,166.6666667,265492.26,7/18/2022,325
7/21/2022,ADBL,SELL,20,336.6,6732,,,272224.26,7/14/2022,318
7/22/2022,KBL,SELL,34,200,6800,,,279024.26,7/17/2022,194
7/22/2022,SANIMA,SELL,25,270,6750,,,285774.26,7/15/2022,260
7/24/2022,ALICL,BUY,11,580,6380,6666.666667,286.6666667,279394.26,7/24/2022,580
8/1/2022,ALICL,SELL,11,688,7568,,,286962.26,7/24/2022,580
8/9/2022,TRH,SELL,20,355,7100,,,294062.26,7/18/2022,325
8/21/2022,ADBL,BUY,20,323,6460,6666.666667,206.6666667,287602.26,8/21/2022,323
8/28/2022,ADBL,SELL,20,325,6500,,,294102.26,8/21/2022,323
9/14/2022,CBBL,BUY,6,1050.6,6303.6,6666.666667,363.0666667,287798.66,9/14/2022,1050.6
9/14/2022,CZBIL,BUY,34,194.5,6613,6666.666667,53.66666667,281185.66,9/14/2022,194.5
9/14/2022,GBBL,BUY,17,384,6528,6666.666667,138.6666667,274657.66,9/14/2022,384
9/14/2022,NABIL,BUY,8,775,6200,6666.666667,466.6666667,268457.66,9/14/2022,775
9/15/2022,CBBL,SELL,6,1050,6300,,,274757.66,9/14/2022,1050.6
9/15/2022,CZBIL,SELL,34,198,6732,,,281489.66,9/14/2022,194.5
9/15/2022,GBBL,SELL,17,395,6715,,,288204.66,9/14/2022,384
9/15/2022,NABIL,SELL,8,812,6496,,,294700.66,9/14/2022,775
9/29/2022,ADBL,BUY,21,310.6,6522.6,6666.666667,144.0666667,288178.06,9/29/2022,310.6
9/29/2022,CZBIL,BUY,35,187.7,6569.5,6666.666667,97.16666667,281608.56,9/29/2022,187.7
9/29/2022,SANIMA,BUY,26,247,6422,6666.666667,244.6666667,275186.56,9/29/2022,247
10/9/2022,CBBL,BUY,6,1000,6000,6666.666667,666.6666667,269186.56,10/9/2022,1000
10/9/2022,DDBL,BUY,7,923,6461,6666.666667,205.6666667,262725.56,10/9/2022,923
10/9/2022,MDB,BUY,18,365,6570,6666.666667,96.66666667,256155.56,10/9/2022,365
10/9/2022,MNBBL,BUY,15,420,6300,6666.666667,366.6666667,249855.56,10/9/2022,420
10/9/2022,NMB,BUY,28,235,6580,6666.666667,86.66666667,243275.56,10/9/2022,235
10/9/2022,PCBL,BUY,29,226,6554,6666.666667,112.6666667,236721.56,10/9/2022,226
10/10/2022,DDBL,SELL,7,957,6699,,,243420.56,10/9/2022,923
10/10/2022,MDB,SELL,18,380.3,6845.4,,,250265.96,10/9/2022,365
10/10/2022,NMB,SELL,28,240,6720,,,256985.96,10/9/2022,235
10/10/2022,PCBL,SELL,29,221.6,6426.4,,,263412.36,10/9/2022,226
10/11/2022,CBBL,SELL,6,995,5970,,,269382.36,10/9/2022,1000
10/11/2022,MNBBL,SELL,15,419,6285,,,275667.36,10/9/2022,420
10/11/2022,SANIMA,SELL,26,252,6552,,,282219.36,9/29/2022,247
10/16/2022,CZBIL,SELL,35,200.9,7031.5,,,289250.86,9/29/2022,187.7
10/19/2022,ADBL,SELL,21,314,6594,,,295844.86,9/29/2022,310.6
11/27/2022,MNBBL,BUY,15,422,6330,6666.666667,336.6666667,289514.86,11/27/2022,422
11/28/2022,MNBBL,SELL,15,425,6375,,,295889.86,11/27/2022,422
12/4/2022,OHL,BUY,13,478,6214,6666.666667,452.6666667,289675.86,12/4/2022,478
12/5/2022,OHL,SELL,13,510,6630,,,296305.86,12/4/2022,478
12/12/2022,NTC,BUY,7,869,6083,6666.666667,583.6666667,290222.86,12/12/2022,869
12/26/2022,ALICL,BUY,12,515,6180,6666.666667,486.6666667,284042.86,12/26/2022,515
12/26/2022,KBL,BUY,36,184,6624,6666.666667,42.66666667,277418.86,12/26/2022,184
12/26/2022,MDB,BUY,17,380,6460,6666.666667,206.6666667,270958.86,12/26/2022,380
12/26/2022,TRH,BUY,19,334.1,6347.9,6666.666667,318.7666667,264610.96,12/26/2022,334.1
12/28/2022,NTC,SELL,7,934,6538,,,271148.96,12/12/2022,869
12/29/2022,MDB,SELL,17,371,6307,,,277455.96,12/26/2022,380
1/24/2023,TRH,SELL,19,441.3,8384.7,,,285840.66,12/26/2022,334.1
1/25/2023,ALICL,SELL,12,721,8652,,,294492.66,12/26/2022,515
1/29/2023,KBL,SELL,36,197,7092,,,301584.66,12/26/2022,184
2/9/2023,MNBBL,BUY,16,412.1,6593.6,6666.666667,73.06666667,294991.06,2/9/2023,412.1
2/12/2023,MNBBL,SELL,16,412,6592,,,301583.06,2/9/2023,412.1
3/19/2023,CIT,BUY,3,2015,6045,6666.666667,621.6666667,295538.06,3/19/2023,2015
3/20/2023,GBBL,BUY,18,355,6390,6666.666667,276.6666667,289148.06,3/20/2023,355
3/22/2023,GBBL,SELL,18,362,6516,,,295664.06,3/20/2023,355
3/23/2023,NMB,BUY,30,221,6630,6666.666667,36.66666667,289034.06,3/23/2023,221
3/26/2023,NMB,SELL,30,234,7020,,,296054.06,3/23/2023,221
3/29/2023,CIT,SELL,3,2074,6222,,,302276.06,3/19/2023,2015
4/10/2023,NMB,BUY,30,221,6630,6666.666667,36.66666667,295646.06,4/10/2023,221
4/12/2023,ALICL,BUY,11,606,6666,6666.666667,0.666666667,288980.06,4/12/2023,606
4/12/2023,BBC,BUY,2,3200,6400,6666.666667,266.6666667,282580.06,4/12/2023,3200
4/12/2023,CIT,BUY,3,2035,6105,6666.666667,561.6666667,276475.06,4/12/2023,2035
4/12/2023,JBBL,BUY,24,267.9,6429.6,6666.666667,237.0666667,270045.46,4/12/2023,267.9
4/12/2023,LICN,BUY,5,1270,6350,6666.666667,316.6666667,263695.46,4/12/2023,1270
4/12/2023,MDB,BUY,18,368,6624,6666.666667,42.66666667,257071.46,4/12/2023,368
4/13/2023,ALICL,SELL,11,640,7040,,,264111.46,4/12/2023,606
4/13/2023,MDB,SELL,18,373,6714,,,270825.46,4/12/2023,368
4/13/2023,NMB,SELL,30,236.7,7101,,,277926.46,4/10/2023,221
4/16/2023,LICN,SELL,5,1320,6600,,,284526.46,4/12/2023,1270
4/17/2023,CIT,SELL,3,2060,6180,,,290706.46,4/12/2023,2035
4/17/2023,JBBL,SELL,24,275,6600,,,297306.46,4/12/2023,267.9
4/18/2023,BBC,SELL,2,3200,6400,,,303706.46,4/12/2023,3200
4/25/2023,MNBBL,BUY,17,386.3,6567.1,6666.666667,99.56666667,297139.36,4/25/2023,386.3
4/30/2023,MNBBL,SELL,17,399,6783,,,303922.36,4/25/2023,386.3
5/17/2023,SADBL,BUY,24,275,6600,6666.666667,66.66666667,297322.36,5/17/2023,275
5/18/2023,AHPC,BUY,23,280,6440,6666.666667,226.6666667,290882.36,5/18/2023,280
5/18/2023,KBL,BUY,40,166.6,6664,6666.666667,2.666666667,284218.36,5/18/2023,166.6
5/18/2023,NHPC,BUY,31,210,6510,6666.666667,156.6666667,277708.36,5/18/2023,210
5/21/2023,KBL,SELL,40,166.7,6668,,,284376.36,5/18/2023,166.6
5/21/2023,NHPC,SELL,31,218,6758,,,291134.36,5/18/2023,210
5/21/2023,SADBL,SELL,24,285,6840,,,297974.36,5/17/2023,275
5/21/2023,SANIMA,BUY,27,244.9,6612.3,6666.666667,54.36666667,291362.06,5/21/2023,244.9
5/22/2023,CHCL,BUY,14,462,6468,6666.666667,198.6666667,284894.06,5/22/2023,462
5/23/2023,NTC,BUY,8,780,6240,6666.666667,426.6666667,278654.06,5/23/2023,780
5/30/2023,AHPC,SELL,23,284.2,6536.6,,,285190.66,5/18/2023,280
5/30/2023,NTC,SELL,8,816,6528,,,291718.66,5/23/2023,780
5/31/2023,SANIMA,SELL,27,242,6534,,,298252.66,5/21/2023,244.9
6/4/2023,CHCL,SELL,14,507,7098,,,305350.66,5/22/2023,462
6/4/2023,MDB,BUY,17,373,6341,6666.666667,325.6666667,299009.66,6/4/2023,373
6/4/2023,MNBBL,BUY,17,382,6494,6666.666667,172.6666667,292515.66,6/4/2023,382
6/4/2023,NTC,BUY,8,770,6160,6666.666667,506.6666667,286355.66,6/4/2023,770
6/5/2023,MDB,SELL,17,381,6477,,,292832.66,6/4/2023,373
6/5/2023,NTC,SELL,8,789,6312,,,299144.66,6/4/2023,770
6/8/2023,MNBBL,SELL,17,390,6630,,,305774.66,6/4/2023,382
6/13/2023,CZBIL,BUY,39,170.3,6641.7,6666.666667,24.96666667,299132.96,6/13/2023,170.3
6/20/2023,CZBIL,SELL,39,177.4,6918.6,,,306051.56,6/13/2023,170.3
6/25/2023,SBI,BUY,20,324,6480,6666.666667,186.6666667,299571.56,6/25/2023,324
6/27/2023,HBL,BUY,31,213.9,6630.9,6666.666667,35.76666667,292940.66,6/27/2023,213.9
6/27/2023,NMB,BUY,29,225.5,6539.5,6666.666667,127.1666667,286401.16,6/27/2023,225.5
6/28/2023,HBL,SELL,31,221,6851,,,293252.16,6/27/2023,213.9
7/2/2023,NMB,SELL,29,226,6554,,,299806.16,6/27/2023,225.5
7/5/2023,SBI,SELL,20,342,6840,,,306646.16,6/25/2023,324
7/16/2023,ADBL,BUY,28,231.9,6493.2,6666.666667,173.4666667,300152.96,7/16/2023,231.9
7/16/2023,PCBL,BUY,34,191.7,6517.8,6666.666667,148.8666667,293635.16,7/16/2023,191.7
8/1/2023,ADBL,SELL,28,246.1,6890.8,,,300525.96,7/16/2023,231.9
8/2/2023,PCBL,SELL,34,205.4,6983.6,,,307509.56,7/16/2023,191.7
8/13/2023,CHCL,BUY,12,515,6180,6666.666667,486.6666667,301329.56,8/13/2023,515
8/14/2023,CHCL,SELL,12,518,6216,,,307545.56,8/13/2023,515
8/23/2023,LICN,BUY,4,1435.1,5740.4,6666.666667,926.2666667,301805.16,8/23/2023,1435.1
8/24/2023,LICN,SELL,4,1493,5972,,,307777.16,8/23/2023,1435.1
9/5/2023,SBI,BUY,20,328,6560,6666.666667,106.6666667,301217.16,9/5/2023,328
9/7/2023,SBI,SELL,20,329.5,6590,,,307807.16,9/5/2023,328
9/13/2023,FMDBL,BUY,10,640,6400,6666.666667,266.6666667,301407.16,9/13/2023,640
9/13/2023,OHL,BUY,8,779.8,6238.4,6666.666667,428.2666667,295168.76,9/13/2023,779.8
9/17/2023,FMDBL,SELL,10,647,6470,,,301638.76,9/13/2023,640
9/17/2023,OHL,SELL,8,780,6240,,,307878.76,9/13/2023,779.8
9/18/2023,BBC,BUY,1,3770,3770,6666.666667,2896.666667,304108.76,9/18/2023,3770
9/18/2023,OHL,BUY,8,773,6184,6666.666667,482.6666667,297924.76,9/18/2023,773
9/19/2023,BBC,SELL,1,3919,3919,,,301843.76,9/18/2023,3770
9/19/2023,OHL,SELL,8,765,6120,,,307963.76,9/18/2023,773
9/26/2023,CZBIL,BUY,35,188.5,6597.5,6666.666667,69.16666667,301366.26,9/26/2023,188.5
9/27/2023,CZBIL,SELL,35,190.9,6681.5,,,308047.76,9/26/2023,188.5
10/18/2023,NABIL,BUY,11,583,6413,6666.666667,253.6666667,301634.76,10/18/2023,583
10/19/2023,NABIL,SELL,11,596.5,6561.5,,,308196.26,10/18/2023,583
10/19/2023,NTC,BUY,7,850,5950,6666.666667,716.6666667,302246.26,10/19/2023,850
10/29/2023,NTC,SELL,7,869,6083,,,308329.26,10/19/2023,850
11/26/2023,MDB,BUY,17,392.1,6665.7,6666.666667,0.966666667,301663.56,11/26/2023,392.1
11/29/2023,MDB,SELL,17,402,6834,,,308497.56,11/26/2023,392.1
12/7/2023,GBBL,BUY,18,363.5,6543,6666.666667,123.6666667,301954.56,12/7/2023,363.5
12/10/2023,ADBL,BUY,27,243.7,6579.9,6666.666667,86.76666667,295374.66,12/10/2023,243.7
12/10/2023,KBL,BUY,43,153,6579,6666.666667,87.66666667,288795.66,12/10/2023,153
12/10/2023,NMB,BUY,33,200.1,6603.3,6666.666667,63.36666667,282192.36,12/10/2023,200.1
12/10/2023,PCBL,BUY,35,188,6580,6666.666667,86.66666667,275612.36,12/10/2023,188
12/10/2023,SADBL,BUY,24,274.3,6583.2,6666.666667,83.46666667,269029.16,12/10/2023,274.3
12/13/2023,KBL,SELL,43,160,6880,,,275909.16,12/10/2023,153
12/13/2023,PCBL,SELL,35,194.5,6807.5,,,282716.66,12/10/2023,188
12/14/2023,ADBL,SELL,27,242.6,6550.2,,,289266.86,12/10/2023,243.7
12/17/2023,NMB,SELL,33,204.1,6735.3,,,296002.16,12/10/2023,200.1
12/24/2023,GBBL,SELL,18,419,7542,,,303544.16,12/7/2023,363.5
1/1/2024,SADBL,SELL,24,305.2,7324.8,,,310868.96,12/10/2023,274.3
1/16/2024,NMB,BUY,33,202,6666,6666.666667,0.666666667,304202.96,1/16/2024,202
1/18/2024,NMB,SELL,33,208,6864,,,311066.96,1/16/2024,202
2/5/2024,NTC,BUY,7,870,6090,6666.666667,576.6666667,304976.96,2/5/2024,870
2/11/2024,NTC,SELL,7,898.9,6292.3,,,311269.26,2/5/2024,870
2/14/2024,JBBL,BUY,22,297,6534,6666.666667,132.6666667,304735.26,2/14/2024,297
2/14/2024,SADBL,BUY,21,305,6405,6666.666667,261.6666667,298330.26,2/14/2024,305
2/15/2024,JBBL,SELL,22,311.5,6853,,,305183.26,2/14/2024,297
2/18/2024,SADBL,SELL,21,304.3,6390.3,,,311573.56,2/14/2024,305
2/27/2024,SBI,BUY,23,286,6578,6666.666667,88.66666667,304995.56,2/27/2024,286
2/28/2024,SBI,SELL,23,295,6785,,,311780.56,2/27/2024,286
3/4/2024,ADBL,BUY,29,228,6612,6666.666667,54.66666667,305168.56,3/4/2024,228
3/4/2024,CIT,BUY,3,2093,6279,6666.666667,387.6666667,298889.56,3/4/2024,2093
3/4/2024,CZBIL,BUY,40,163,6520,6666.666667,146.6666667,292369.56,3/4/2024,163
3/4/2024,NTC,BUY,7,847.6,5933.2,6666.666667,733.4666667,286436.36,3/4/2024,847.6
3/4/2024,SANIMA,BUY,27,238.6,6442.2,6666.666667,224.4666667,279994.16,3/4/2024,238.6
3/4/2024,SBI,BUY,23,285.6,6568.8,6666.666667,97.86666667,273425.36,3/4/2024,285.6
3/4/2024,TRH,BUY,8,763,6104,6666.666667,562.6666667,267321.36,3/4/2024,763
3/5/2024,ADBL,SELL,29,242.1,7020.9,,,274342.26,3/4/2024,228
3/5/2024,NTC,SELL,7,880,6160,,,280502.26,3/4/2024,847.6
3/5/2024,SANIMA,SELL,27,244,6588,,,287090.26,3/4/2024,238.6
3/5/2024,SBI,SELL,23,297.1,6833.3,,,293923.56,3/4/2024,285.6
3/5/2024,TRH,SELL,8,793,6344,,,300267.56,3/4/2024,763
3/6/2024,CZBIL,SELL,40,162.7,6508,,,306775.56,3/4/2024,163
3/10/2024,CBBL,BUY,7,837,5859,6666.666667,807.6666667,300916.56,3/10/2024,837
3/10/2024,DDBL,BUY,8,750,6000,6666.666667,666.6666667,294916.56,3/10/2024,750
3/10/2024,EBL,BUY,12,515,6180,6666.666667,486.6666667,288736.56,3/10/2024,515
3/10/2024,JBBL,BUY,22,295,6490,6666.666667,176.6666667,282246.56,3/10/2024,295
3/13/2024,DDBL,SELL,8,805.6,6444.8,,,288691.36,3/10/2024,750
3/19/2024,CIT,SELL,3,2120,6360,,,295051.36,3/4/2024,2093
3/25/2024,CBBL,SELL,7,883.3,6183.1,,,301234.46,3/10/2024,837
3/25/2024,EBL,SELL,12,510,6120,,,307354.46,3/10/2024,515
3/25/2024,JBBL,SELL,22,300,6600,,,313954.46,3/10/2024,295
4/4/2024,OHL,BUY,8,779,6232,6666.666667,434.6666667,307722.46,4/4/2024,779
4/9/2024,LICN,BUY,4,1365,5460,6666.666667,1206.666667,308422.46,4/9/2024,1365
4/9/2024,OHL,SELL,8,770,6160,,,313882.46,4/4/2024,779
4/10/2024,GBBL,BUY,17,376,6392,6666.666667,274.6666667,307490.86,4/10/2024,376
4/10/2024,LICN,SELL,4,1365.1,5460.4,,,313882.86,4/9/2024,1365
4/14/2024,GBBL,SELL,17,372,6324,,,313814.86,4/10/2024,376
4/21/2024,ADBL,BUY,29,227.8,6606.2,6666.666667,60.46666667,307208.66,4/21/2024,227.8
4/28/2024,NTC,BUY,8,810.5,6484,6666.666667,182.6666667,300724.66,4/28/2024,810.5
4/28/2024,SADBL,BUY,22,294.1,6470.2,6666.666667,196.4666667,294254.46,4/28/2024,294.1
4/29/2024,GBBL,BUY,18,361,6498,6666.666667,168.6666667,294436.46,4/29/2024,361
4/29/2024,NTC,SELL,8,835,6680,,,300934.46,4/28/2024,810.5
4/30/2024,SANIMA,BUY,28,237.7,6655.6,6666.666667,11.06666667,287780.86,4/30/2024,237.7
5/2/2024,SADBL,SELL,22,328,7216,,,294996.86,4/28/2024,294.1
5/5/2024,GBBL,SELL,18,372,6696,,,301692.86,4/29/2024,361
5/5/2024,SANIMA,SELL,28,234,6552,,,308244.86,4/30/2024,237.7
5/9/2024,TRH,BUY,9,715,6435,6666.666667,231.6666667,301809.86,5/9/2024,715
5/12/2024,PCBL,BUY,34,194.8,6623.2,6666.666667,43.46666667,295186.66,5/12/2024,194.8
5/13/2024,ADBL,SELL,29,243.7,7067.3,,,302253.96,4/21/2024,227.8
5/13/2024,EBL,BUY,13,502,6526,6666.666667,140.6666667,295727.96,5/13/2024,502
5/13/2024,HBL,BUY,38,173,6574,6666.666667,92.66666667,289153.96,5/13/2024,173
5/13/2024,SBI,BUY,24,276.8,6643.2,6666.666667,23.46666667,282510.76,5/13/2024,276.8
5/14/2024,EBL,SELL,13,519.8,6757.4,,,289268.16,5/13/2024,502
5/16/2024,HBL,SELL,38,181.5,6897,,,296165.16,5/13/2024,173
5/19/2024,TRH,SELL,9,726,6534,,,302699.16,5/9/2024,715
5/21/2024,PCBL,SELL,34,208,7072,,,309771.16,5/12/2024,194.8
5/29/2024,SBI,SELL,24,310,7440,,,317211.16,5/13/2024,276.8
6/11/2024,NLIC,BUY,10,611,6110,6666.666667,556.6666667,311101.16,6/11/2024,611
6/12/2024,NHPC,BUY,44,148.3,6525.2,6666.666667,141.4666667,304575.96,6/12/2024,148.3
6/16/2024,NLIC,SELL,10,634,6340,,,310915.96,6/11/2024,611
6/20/2024,NHPC,SELL,44,145.1,6384.4,,,317300.36,6/12/2024,148.3
7/1/2024,SADBL,BUY,21,304.6,6396.6,6666.666667,270.0666667,310903.76,7/1/2024,304.6
7/2/2024,AHPC,BUY,43,153,6579,6666.666667,87.66666667,304324.76,7/2/2024,153
7/2/2024,CHCL,BUY,15,439.6,6594,6666.666667,72.66666667,297730.76,7/2/2024,439.6
7/2/2024,GBBL,BUY,18,361.4,6505.2,6666.666667,161.4666667,291225.56,7/2/2024,361.4
7/3/2024,AHPC,SELL,43,157.1,6755.3,,,297980.86,7/2/2024,153
7/7/2024,CBBL,BUY,7,837,5859,6666.666667,807.6666667,292121.86,7/7/2024,837
7/7/2024,NHPC,BUY,46,143,6578,6666.666667,88.66666667,285543.86,7/7/2024,143
7/8/2024,NHPC,SELL,46,145,6670,,,292213.86,7/7/2024,143
7/9/2024,GBBL,SELL,18,371,6678,,,298891.86,7/2/2024,361.4
7/16/2024,CBBL,SELL,7,900,6300,,,305191.86,7/7/2024,837
7/29/2024,CHCL,SELL,15,568.5,8527.5,,,313719.36,7/2/2024,439.6
8/21/2024,SADBL,SELL,21,470,9870,,,323589.36,7/1/2024,304.6
10/1/2024,CHCL,BUY,12,551,6612,6666.666667,54.66666667,316977.36,10/1/2024,551
10/2/2024,NLIC,BUY,8,803,6424,6666.666667,242.6666667,310553.36,10/2/2024,803
10/6/2024,BPCL,BUY,15,430,6450,6666.666667,216.6666667,304103.36,10/6/2024,430
10/7/2024,BBC,BUY,1,4260,4260,6666.666667,2406.666667,306779.36,10/7/2024,4260
10/7/2024,CHCL,SELL,12,578,6936,,,311039.36,10/1/2024,551
10/8/2024,BBC,SELL,1,4250.1,4250.1,,,311029.46,10/7/2024,4260
10/8/2024,NLIC,SELL,8,859.4,6875.2,,,317904.66,10/2/2024,803
10/27/2024,BPCL,SELL,15,459,6885,,,324789.66,10/6/2024,430
10/28/2024,DDBL,BUY,7,906,6342,6666.666667,324.6666667,318447.66,10/28/2024,906
11/5/2024,DDBL,SELL,7,945.7,6619.9,,,325067.56,10/28/2024,906
12/29/2024,NTC,BUY,7,951,6657,6666.666667,9.666666667,318410.56,12/29/2024,951
12/31/2024,NTC,SELL,7,960.3,6722.1,,,325132.66,12/29/2024,951
1/5/2025,TRH,BUY,6,1079,6474,6666.666667,192.6666667,318658.66,1/5/2025,1079
1/6/2025,ALICL,BUY,9,707.3,6365.7,6666.666667,300.9666667,312292.96,1/6/2025,707.3
1/6/2025,JBBL,BUY,17,375.5,6383.5,6666.666667,283.1666667,305909.46,1/6/2025,375.5
1/7/2025,JBBL,SELL,17,380,6460,,,312369.46,1/6/2025,375.5
1/7/2025,TRH,SELL,6,1100,6600,,,318969.46,1/5/2025,1079
1/13/2025,ALICL,SELL,9,717,6453,,,325422.46,1/6/2025,707.3
2/2/2025,HBL,BUY,30,219,6570,6666.666667,96.66666667,318852.46,2/2/2025,219
2/4/2025,HBL,SELL,30,232.3,6969,,,325821.46,2/2/2025,219
2/16/2025,NHPC,BUY,30,221.8,6654,6666.666667,12.66666667,319167.46,2/16/2025,221.8
2/16/2025,OHL,BUY,7,887.9,6215.3,6666.666667,451.3666667,312952.16,2/16/2025,887.9
2/17/2025,SBI,BUY,16,412,6592,6666.666667,74.66666667,306360.16,2/17/2025,412
2/18/2025,NHPC,SELL,30,217.4,6522,,,312882.16,2/16/2025,221.8
2/23/2025,OHL,SELL,7,971,6797,,,319679.16,2/16/2025,887.9
2/27/2025,JBBL,BUY,18,358,6444,6666.666667,222.6666667,313235.16,2/27/2025,358
3/10/2025,JBBL,SELL,18,364,6552,,,319787.16,2/27/2025,358
3/10/2025,SBI,SELL,16,423,6768,,,326555.16,2/17/2025,412
3/27/2025,BBC,BUY,1,5201,5201,6666.666667,1465.666667,321354.16,3/27/2025,5201
4/2/2025,ADBL,BUY,23,288,6624,6666.666667,42.66666667,314730.16,4/2/2025,288
4/2/2025,KBL,BUY,32,206.1,6595.2,6666.666667,71.46666667,308134.96,4/2/2025,206.1
4/10/2025,ADBL,SELL,23,291,6693,,,314827.96,4/2/2025,288
4/13/2025,KBL,SELL,32,212.5,6800,,,321627.96,4/2/2025,206.1
4/15/2025,AHPC,BUY,27,246,6642,6666.666667,24.66666667,314985.96,4/15/2025,246
4/15/2025,SANIMA,BUY,21,306,6426,6666.666667,240.6666667,308559.96,4/15/2025,306
4/17/2025,AHPC,SELL,27,267,7209,,,315768.96,4/15/2025,246
4/21/2025,BBC,SELL,1,6100,6100,,,321868.96,3/27/2025,5201
4/29/2025,SANIMA,SELL,21,305,6405,,,328273.96,4/15/2025,306
5/11/2025,NABIL,BUY,13,490,6370,6666.666667,296.6666667,321903.96,5/11/2025,490
5/14/2025,NABIL,SELL,13,490,6370,,,328273.96,5/11/2025,490
5/20/2025,ALICL,BUY,9,718,6462,6666.666667,204.6666667,321811.96,5/20/2025,718
5/20/2025,KBL,BUY,33,199.3,6576.9,6666.666667,89.76666667,315235.06,5/20/2025,199.3
5/21/2025,SBI,BUY,16,395.2,6323.2,6666.666667,343.4666667,308911.86,5/21/2025,395.2
5/25/2025,ALICL,SELL,9,730,6570,,,315481.86,5/20/2025,718
5/25/2025,KBL,SELL,33,221.3,7302.9,,,322784.76,5/20/2025,199.3
5/26/2025,SBI,SELL,16,409,6544,,,329328.76,5/21/2025,395.2
6/29/2025,FMDBL,BUY,9,733,6597,6666.666667,69.66666667,322731.76,6/29/2025,733
6/30/2025,FMDBL,SELL,9,743.21,6688.89,,,329420.65,6/29/2025,733
7/1/2025,FMDBL,BUY,8,745,5960,6666.666667,706.6666667,323460.65,7/1/2025,745
7/1/2025,MNBBL,BUY,18,356.64,6419.52,6666.666667,247.1466667,317041.13,7/1/2025,356.64
7/2/2025,FMDBL,SELL,8,766.9,6135.2,,,323176.33,7/1/2025,745
7/15/2025,AHPC,BUY,23,287.8,6619.4,6666.666667,47.26666667,316556.93,7/15/2025,287.8
7/27/2025,AHPC,SELL,23,323.5,7440.5,,,323997.43,7/15/2025,287.8
8/4/2025,MNBBL,SELL,18,455,8190,,,332187.43,7/1/2025,356.64
