Date,Symbol,Quantity,SellPrice,SellValue,PnL,CashAfterTrade,EntryDate,EntryPrice
2012-04-15,BPCL,10,434.0,4340.0,380.0,169940.0,2012-04-10,396.0
2012-04-15,KBL,20,189.0,3780.0,460.0,173720.0,2012-04-01,166.0
2012-04-15,NMB,20,167.0,3340.0,400.0,177060.0,2012-04-01,147.0
2012-04-15,PCBL,20,192.0,3840.0,540.0,180900.0,2012-04-01,165.0
2012-04-16,JBBL,50,97.0,4850.0,1000.0,185750.0,2012-04-01,77.0
2012-04-16,NTC,10,430.0,4300.0,300.0,190050.0,2012-04-01,400.0
2012-04-17,ALICL,20,177.0,3540.0,420.0,193590.0,2012-04-01,156.0
2012-04-29,NHPC,80,70.0,5600.0,2000.0,199190.0,2012-04-01,45.0
2012-05-24,CBBL,10,293.0,2930.0,370.0,199080.0,2012-04-12,256.0
2012-07-22,GBBL,20,161.0,3220.0,420.0,179530.0,2012-07-12,140.0
2012-08-13,AHPC,10,339.0,3390.0,350.0,180680.0,2012-05-23,304.0
2012-09-09,ALICL,20,234.0,4680.0,640.0,180260.0,2012-07-02,202.0
2012-09-18,DDBL,10,297.0,2970.0,220.0,183230.0,2012-08-28,275.0
2012-09-30,OHL,50,95.0,4750.0,1000.0,187980.0,2012-04-04,75.0
2012-11-06,GBBL,20,168.0,3360.0,400.0,181830.0,2012-10-11,148.0
2012-11-06,PCBL,10,255.0,2550.0,200.0,184380.0,2012-08-14,235.0
2012-11-07,KBL,10,265.0,2650.0,230.0,187030.0,2012-07-16,242.0
2012-11-08,NMB,20,214.0,4280.0,480.0,191310.0,2012-07-12,190.0
2012-11-21,CZBIL,10,252.0,2520.0,220.0,193830.0,2012-07-16,230.0
2012-12-06,SANIMA,10,254.0,2540.0,300.0,196370.0,2012-08-08,224.0
2012-12-17,CBBL,10,421.0,4210.0,300.0,194340.0,2012-12-13,391.0
2013-01-15,ALICL,10,255.0,2550.0,220.0,190650.0,2012-12-09,233.0
2013-02-06,AHPC,10,353.0,3530.0,210.0,184490.0,2012-11-05,332.0
2013-04-15,DDBL,10,313.0,3130.0,200.0,175350.0,2013-02-10,293.0
2013-04-28,NHPC,70,77.0,5390.0,1540.0,172640.0,2012-07-12,55.0
2013-05-08,CBBL,10,431.0,4310.0,300.0,167570.0,2013-01-21,401.0
2013-05-16,PCBL,10,336.0,3360.0,240.0,170930.0,2013-05-02,312.0
2013-06-03,ALICL,10,254.0,2540.0,220.0,173470.0,2013-01-17,232.0
2013-06-04,OHL,30,144.0,4320.0,600.0,177790.0,2013-03-20,124.0
2013-07-10,JBBL,40,81.0,3240.0,-320.0,181030.0,2012-07-09,89.0
2013-07-23,KBL,10,285.0,2850.0,250.0,183880.0,2013-05-02,260.0
2013-07-24,FMDBL,20,192.0,3840.0,500.0,187720.0,2013-01-06,167.0
2013-08-15,MDB,20,166.0,3320.0,420.0,183680.0,2012-12-17,145.0
2013-08-18,ADBL,10,274.0,2740.0,280.0,186420.0,2013-03-31,246.0
2013-08-20,MNBBL,10,350.0,3500.0,270.0,189920.0,2012-10-07,323.0
2013-08-25,GBBL,20,200.0,4000.0,640.0,193920.0,2013-01-30,168.0
2013-09-09,OHL,30,162.0,4860.0,690.0,198780.0,2013-08-14,139.0
2013-10-21,AHPC,10,360.0,3600.0,440.0,192360.0,2013-02-25,316.0
2013-10-28,MNBBL,10,317.0,3170.0,310.0,192430.0,2013-09-30,286.0
2013-11-13,CZBIL,10,291.0,2910.0,230.0,195340.0,2013-04-21,268.0
2013-11-13,GBBL,20,184.0,3680.0,420.0,199020.0,2013-10-07,163.0
2013-11-21,PCBL,10,339.0,3390.0,200.0,202410.0,2013-08-07,319.0
2013-11-24,SANIMA,10,315.0,3150.0,380.0,205560.0,2013-04-22,277.0
2013-11-25,NMB,10,297.0,2970.0,320.0,208530.0,2013-04-23,265.0
2013-11-27,JBBL,50,98.0,4900.0,1000.0,213430.0,2013-09-24,78.0
2013-12-05,NHPC,60,82.0,4920.0,1260.0,218350.0,2013-05-05,61.0
2013-12-15,MDB,20,175.0,3500.0,400.0,221850.0,2013-10-24,155.0
2014-04-03,AHPC,10,480.0,4800.0,410.0,214010.0,2014-03-11,439.0
2014-05-06,NMB,10,416.0,4160.0,290.0,211250.0,2014-03-11,387.0
2014-05-07,GBBL,10,293.0,2930.0,340.0,214180.0,2014-04-06,259.0
2014-06-03,ADBL,10,460.0,4600.0,220.0,214400.0,2014-05-19,438.0
2014-06-04,KBL,10,457.0,4570.0,240.0,218970.0,2014-04-10,433.0
2014-06-11,CZBIL,10,459.0,4590.0,210.0,219110.0,2014-03-17,438.0
2014-06-16,ADBL,10,498.0,4980.0,530.0,224090.0,2014-06-09,445.0
2014-09-17,MDB,10,483.0,4830.0,410.0,208600.0,2014-09-07,442.0
2014-11-20,ADBL,10,457.0,4570.0,270.0,197140.0,2014-11-18,430.0
2014-11-24,MDB,10,460.0,4600.0,290.0,201740.0,2014-11-17,431.0
2014-12-16,MDB,10,467.0,4670.0,390.0,202130.0,2014-12-08,428.0
2015-01-05,MDB,10,413.0,4130.0,410.0,198170.0,2014-12-31,372.0
2015-01-19,GBBL,10,340.0,3400.0,270.0,201570.0,2014-11-11,313.0
2015-01-20,CZBIL,10,470.0,4700.0,250.0,206270.0,2014-09-16,445.0
2015-01-20,PCBL,10,479.0,4790.0,420.0,211060.0,2014-12-28,437.0
2015-03-02,JBBL,20,199.0,3980.0,420.0,215040.0,2014-08-25,178.0
2015-04-12,ADBL,10,471.0,4710.0,210.0,207630.0,2015-04-07,450.0
2015-06-02,CZBIL,10,427.0,4270.0,240.0,195770.0,2015-05-27,403.0
2015-06-02,MDB,10,449.0,4490.0,220.0,200260.0,2015-05-25,427.0
2015-06-10,PCBL,10,480.0,4800.0,320.0,205060.0,2015-03-11,448.0
2015-07-26,ADBL,10,465.0,4650.0,280.0,209710.0,2015-04-19,437.0
2015-07-27,JBBL,20,209.0,4180.0,720.0,213890.0,2015-04-19,173.0
2015-08-23,NHPC,20,113.0,2260.0,-1300.0,216150.0,2014-08-21,178.0
2015-08-25,AHPC,10,275.0,2750.0,-1580.0,218900.0,2014-08-24,433.0
2015-09-01,KBL,10,473.0,4730.0,440.0,216360.0,2014-10-22,429.0
2015-10-08,GBBL,10,341.0,3410.0,270.0,219770.0,2015-03-29,314.0
2015-12-21,ADBL,10,481.0,4810.0,310.0,199970.0,2015-11-23,450.0
2016-01-18,NMB,10,474.0,4740.0,220.0,204710.0,2015-11-24,452.0
2016-01-19,NHPC,40,138.0,5520.0,1000.0,210230.0,2015-08-31,113.0
2016-01-21,AHPC,10,312.0,3120.0,370.0,213350.0,2015-08-25,275.0
2016-01-27,OHL,10,476.0,4760.0,240.0,218110.0,2015-11-18,452.0
2016-03-06,OHL,10,463.0,4630.0,580.0,218690.0,2016-03-01,405.0
2016-03-24,GBBL,10,370.0,3700.0,240.0,222390.0,2015-10-27,346.0
2016-05-04,AHPC,10,327.0,3270.0,210.0,222600.0,2016-04-25,306.0
2016-06-01,NHPC,20,212.0,4240.0,700.0,223300.0,2016-05-22,177.0
2016-09-29,JBBL,20,212.0,4240.0,700.0,220320.0,2015-10-25,177.0
2016-10-04,KBL,10,468.0,4680.0,610.0,225000.0,2015-11-16,407.0
2016-11-15,GBBL,10,398.0,3980.0,350.0,225350.0,2016-11-14,363.0
2016-11-29,CZBIL,10,487.0,4870.0,260.0,217300.0,2016-11-28,461.0
2016-11-29,MDB,10,464.0,4640.0,250.0,221940.0,2016-11-28,439.0
2016-11-30,GBBL,10,418.0,4180.0,260.0,226120.0,2016-11-21,392.0
2017-01-02,OHL,10,485.0,4850.0,240.0,215080.0,2016-12-21,461.0
2017-01-03,CZBIL,10,495.0,4950.0,330.0,220030.0,2016-12-27,462.0
2017-02-02,ADBL,10,492.0,4920.0,410.0,197920.0,2017-01-30,451.0
2017-02-02,GBBL,10,413.0,4130.0,250.0,202050.0,2016-12-26,388.0
2017-02-02,NMB,10,492.0,4920.0,360.0,206970.0,2017-01-31,456.0
2017-02-02,SANIMA,10,494.0,4940.0,360.0,211910.0,2017-01-31,458.0
2017-02-05,MDB,10,478.0,4780.0,300.0,216690.0,2017-01-26,448.0
2017-02-19,OHL,10,483.0,4830.0,320.0,195340.0,2017-02-12,451.0
2017-02-20,MDB,10,490.0,4900.0,390.0,200240.0,2017-02-12,451.0
2017-02-20,NMB,10,493.0,4930.0,300.0,205170.0,2017-02-07,463.0
2017-02-20,SANIMA,10,487.0,4870.0,270.0,210040.0,2017-02-09,460.0
2017-03-13,OHL,10,475.0,4750.0,240.0,197750.0,2017-03-01,451.0
2017-03-20,SANIMA,10,488.0,4880.0,260.0,202630.0,2017-02-28,462.0
2017-03-21,NMB,10,480.0,4800.0,200.0,207430.0,2017-02-26,460.0
2017-03-22,ADBL,10,493.0,4930.0,370.0,212360.0,2017-02-07,456.0
2017-03-22,GBBL,10,365.0,3650.0,280.0,216010.0,2017-02-05,337.0
2017-03-26,KBL,10,354.0,3540.0,230.0,219550.0,2017-03-05,331.0
2017-03-29,JBBL,10,310.0,3100.0,320.0,219110.0,2017-01-01,278.0
2017-03-29,KBL,10,379.0,3790.0,250.0,222900.0,2017-03-26,354.0
2017-04-03,PCBL,10,469.0,4690.0,340.0,227590.0,2017-01-15,435.0
2017-04-20,GBBL,10,357.0,3570.0,290.0,219530.0,2017-04-18,328.0
2017-06-07,ADBL,10,463.0,4630.0,220.0,213880.0,2017-05-22,441.0
2017-07-19,PCBL,10,436.0,4360.0,220.0,209470.0,2017-06-18,414.0
2017-08-23,AHPC,10,262.0,2620.0,-920.0,212090.0,2016-08-22,354.0
2017-08-23,NHPC,20,146.0,2920.0,-760.0,215010.0,2016-08-22,184.0
2017-09-17,NMB,10,485.0,4850.0,240.0,208430.0,2017-09-11,461.0
2017-10-17,NMB,10,495.0,4950.0,310.0,208740.0,2017-10-10,464.0
2017-11-15,NMB,10,488.0,4880.0,250.0,208990.0,2017-11-09,463.0
2017-11-22,MDB,10,479.0,4790.0,230.0,209220.0,2017-11-21,456.0
2018-01-28,CZBIL,10,274.0,2740.0,-1810.0,194820.0,2017-01-25,455.0
2018-02-18,NMB,10,481.0,4810.0,250.0,196830.0,2017-12-27,456.0
2018-03-28,BPCL,10,460.0,4600.0,320.0,192650.0,2018-03-27,428.0
2018-04-19,KBL,10,273.0,2730.0,-920.0,195380.0,2017-04-18,365.0
2018-04-19,SANIMA,10,376.0,3760.0,-940.0,199140.0,2017-04-18,470.0
2018-04-22,NMB,10,479.0,4790.0,290.0,203930.0,2018-03-04,450.0
2018-04-29,GBBL,10,199.0,1990.0,-1410.0,205920.0,2017-04-26,340.0
2018-04-29,JBBL,10,153.0,1530.0,-940.0,207450.0,2017-04-27,247.0
2018-06-10,ADBL,10,327.0,3270.0,-1360.0,196370.0,2017-06-07,463.0
2018-08-16,ADBL,10,344.0,3440.0,340.0,184260.0,2018-06-21,310.0
2018-08-26,AHPC,10,132.0,1320.0,-1300.0,185580.0,2017-08-23,262.0
2018-09-09,NHPC,30,80.0,2400.0,-1800.0,184020.0,2017-09-07,140.0
2018-09-13,GBBL,20,200.0,4000.0,400.0,188020.0,2018-06-10,180.0
2018-09-20,BPCL,10,465.0,4650.0,200.0,192670.0,2018-06-10,445.0
2018-12-19,PCBL,10,324.0,3240.0,-1110.0,171666.7,2017-12-18,435.0
2018-12-20,MDB,10,279.0,2790.0,-940.0,174456.7,2017-12-19,373.0
2018-12-24,GBBL,20,203.0,4060.0,500.0,178516.7,2018-10-03,178.0
2018-12-25,MNBBL,10,347.0,3470.0,-1030.0,181986.7,2017-12-24,450.0
2018-12-27,ADBL,10,362.0,3620.0,220.0,185606.7,2018-11-28,340.0
2019-01-30,CZBIL,10,210.0,2100.0,-700.0,184236.7,2018-01-29,280.0
2019-03-12,ALICL,10,405.0,4050.0,230.0,166556.7,2019-03-06,382.0
2019-03-17,HBL,10,476.0,4760.0,330.0,167266.7,2019-01-30,443.0
2019-04-09,ALICL,10,431.0,4310.0,260.0,171576.7,2019-03-12,405.0
2019-04-16,KBL,10,266.0,2660.0,200.0,169926.7,2018-05-14,246.0
2019-04-16,OHL,10,465.0,4650.0,230.0,174576.7,2018-10-07,442.0
2019-04-17,PCBL,10,341.0,3410.0,230.0,177986.7,2019-02-04,318.0
2019-04-18,CZBIL,20,234.0,4680.0,480.0,182666.7,2019-01-30,210.0
2019-04-18,MNBBL,10,380.0,3800.0,330.0,186466.7,2019-01-06,347.0
2019-04-21,SBI,10,473.0,4730.0,250.0,191196.7,2018-11-20,448.0
2019-04-28,ADBL,10,395.0,3950.0,600.0,190646.7,2019-02-10,335.0
2019-04-28,SANIMA,10,366.0,3660.0,230.0,194306.7,2018-06-03,343.0
2019-04-29,ALICL,10,471.0,4710.0,400.0,199016.7,2019-04-09,431.0
2019-05-29,JBBL,30,165.0,4950.0,630.0,200736.7,2018-06-03,144.0
2019-07-16,MNBBL,10,383.0,3830.0,240.0,192456.7,2019-07-09,359.0
2019-08-11,FMDBL,10,389.0,3890.0,-510.0,191846.7,2018-08-08,440.0
2019-08-27,AHPC,30,102.0,3060.0,-900.0,182636.7,2018-08-26,132.0
2019-10-24,OHL,10,474.0,4740.0,320.0,164406.7,2019-10-21,442.0
2019-11-07,NMB,10,345.0,3450.0,-690.0,167856.7,2018-05-31,414.0
2019-11-12,NMB,10,388.0,3880.0,430.0,163856.7,2019-11-07,345.0
2019-11-17,NHPC,50,51.0,2550.0,-1400.0,166406.7,2018-11-14,79.0
2019-11-28,BPCL,10,342.0,3420.0,-1013.3000000000002,165746.7,2018-11-27,443.33
2019-12-10,BPCL,10,367.0,3670.0,250.0,165996.7,2019-11-28,342.0
2020-01-01,OHL,10,463.0,4630.0,200.0,164156.7,2019-11-10,443.0
2020-01-13,FMDBL,10,411.0,4110.0,330.0,168266.7,2019-09-01,378.0
2020-01-13,NMB,10,364.0,3640.0,320.0,171906.7,2019-12-22,332.0
2020-01-15,ALICL,10,432.0,4320.0,260.0,176226.7,2019-06-12,406.0
2020-01-16,BPCL,10,335.0,3350.0,200.0,179576.7,2019-12-25,315.0
2020-01-16,MDB,10,295.0,2950.0,200.0,182526.7,2019-02-10,275.0
2020-01-19,JBBL,20,178.0,3560.0,440.0,186086.7,2019-09-16,156.0
2020-02-04,GBBL,20,255.0,5100.0,600.0,191186.7,2019-08-05,225.0
2020-02-24,MNBBL,10,357.0,3570.0,300.0,194756.7,2019-08-18,327.0
2020-02-24,SANIMA,10,387.0,3870.0,430.0,198626.7,2019-09-02,344.0
2020-02-24,SBI,10,471.0,4710.0,200.0,203336.7,2019-08-11,451.0
2020-02-25,ADBL,10,436.0,4360.0,230.0,207696.7,2019-09-16,413.0
2020-02-26,CHCL,10,470.0,4700.0,210.0,212396.7,2019-08-20,449.0
2020-05-12,KBL,20,174.0,3480.0,-1020.0,200766.7,2019-04-21,225.0
2020-06-29,PCBL,10,241.0,2410.0,-820.0,177416.7,2019-05-26,323.0
2020-07-02,BPCL,10,372.0,3720.0,480.0,172146.7,2020-05-12,324.0
2020-07-02,FMDBL,10,468.0,4680.0,610.0,176826.7,2020-05-13,407.0
2020-07-02,KBL,20,200.0,4000.0,520.0,180826.7,2020-05-12,174.0
2020-07-02,MNBBL,10,322.0,3220.0,310.0,184046.7,2020-05-12,291.0
2020-07-02,NMB,10,406.0,4060.0,360.0,188106.7,2020-05-12,370.0
2020-07-02,SBI,10,435.0,4350.0,310.0,192456.7,2020-05-13,404.0
2020-07-08,CZBIL,20,191.0,3820.0,-640.0,196276.7,2019-07-08,223.0
2020-07-16,CHCL,10,399.0,3990.0,200.0,200266.7,2020-03-22,379.0
2020-07-19,ADBL,10,408.0,4080.0,370.0,204346.7,2020-03-18,371.0
2020-07-19,GBBL,20,239.0,4780.0,460.0,209126.7,2020-05-12,216.0
2020-07-19,PCBL,10,273.0,2730.0,320.0,211856.7,2020-06-29,241.0
2020-07-20,JBBL,20,197.0,3940.0,680.0,215796.7,2020-06-29,163.0
2020-07-20,SANIMA,10,390.0,3900.0,560.0,219696.7,2020-03-17,334.0
2020-08-27,AHPC,40,96.0,3840.0,-240.0,223536.7,2019-08-27,102.0
2020-09-14,MDB,10,381.0,3810.0,490.0,227346.7,2020-06-29,332.0
2020-09-17,NHPC,80,75.0,6000.0,1920.0,233346.7,2019-11-17,51.0
2020-10-29,NMB,10,440.0,4400.0,290.0,229386.7,2020-10-13,411.0
2020-10-29,SBI,10,446.0,4460.0,210.0,233846.7,2020-10-13,425.0
2020-11-19,OHL,10,464.0,4640.0,370.0,231036.7,2020-03-10,427.0
2020-11-30,SANIMA,10,350.0,3500.0,250.0,234536.7,2020-11-02,325.0
2020-11-30,SBI,10,488.0,4880.0,680.0,239416.7,2020-11-18,420.0
2020-12-16,SBI,10,450.0,4500.0,260.0,236476.7,2020-12-06,424.0
2021-01-04,NMB,10,415.0,4150.0,250.0,212486.7,2020-12-31,390.0
2021-01-06,SANIMA,10,345.0,3450.0,250.0,215936.7,2020-12-06,320.0
2021-01-10,AHPC,20,235.0,4700.0,440.0,220636.7,2020-12-27,213.0
2021-01-11,MNBBL,10,369.0,3690.0,280.0,224326.7,2020-12-28,341.0
2021-01-12,ADBL,10,473.0,4730.0,380.0,229056.7,2020-12-30,435.0
2021-01-12,SBI,10,460.0,4600.0,330.0,233656.7,2020-12-20,427.0
2021-01-17,BPCL,10,431.0,4310.0,270.0,237966.7,2021-01-03,404.0
2021-02-09,BPCL,10,458.0,4580.0,270.0,238236.7,2021-01-17,431.0
2021-04-05,SBI,10,427.0,4270.0,210.0,217396.7,2021-03-30,406.0
2021-04-07,BPCL,10,460.0,4600.0,360.0,217726.7,2021-02-23,424.0
2021-04-07,JBBL,20,255.0,5100.0,700.0,222826.7,2021-03-03,220.0
2021-04-15,GBBL,10,365.0,3650.0,450.0,226476.7,2021-03-14,320.0
2021-05-02,AHPC,10,290.0,2900.0,270.0,218206.7,2021-04-19,263.0
2021-05-03,NMB,10,442.0,4420.0,210.0,222626.7,2021-04-25,421.0
2021-05-18,MDB,10,431.0,4310.0,400.0,222786.7,2020-12-20,391.0
2021-05-24,NMB,10,438.0,4380.0,230.0,227166.7,2021-05-06,415.0
2021-05-25,PCBL,10,458.0,4580.0,250.0,231746.7,2021-04-25,433.0
2021-05-31,OHL,10,525.0,5250.0,540.0,236996.7,2021-03-31,471.0
2021-06-15,ADBL,10,480.0,4800.0,300.0,241796.7,2021-02-28,450.0
2021-06-17,SBI,10,452.0,4520.0,250.0,246316.7,2021-04-05,427.0
2021-09-23,CZBIL,10,402.9,4029.0,279.0,224895.7,2021-09-21,375.0
2021-09-23,SANIMA,10,520.2,5202.0,392.0,230097.7,2021-09-20,481.0
2021-09-26,PCBL,10,510.0,5100.0,300.0,235197.7,2021-09-20,480.0
2021-09-29,OHL,10,516.1,5161.0,261.0,235458.7,2021-09-28,490.0
2021-09-30,BPCL,10,500.0,5000.0,250.0,235708.7,2021-09-29,475.0
2021-10-10,BPCL,10,500.0,5000.0,300.0,216945.7,2021-10-04,470.0
2021-10-10,JBBL,10,504.0,5040.0,390.0,221985.7,2021-10-04,465.0
2021-10-26,BPCL,10,507.9,5079.0,299.0,206039.90000000002,2021-10-19,478.0
2021-10-26,JBBL,10,507.0,5070.0,220.0,211109.90000000002,2021-10-18,485.0
2021-10-26,NHPC,10,415.0,4150.0,460.0,215259.90000000002,2021-10-19,369.0
2021-10-26,OHL,10,516.0,5160.0,280.0,220419.90000000002,2021-10-03,488.0
2021-10-31,AHPC,10,510.0,5100.0,337.0,225519.90000000002,2021-10-03,476.3
2021-11-16,OHL,10,520.0,5200.0,340.0,225859.90000000002,2021-11-14,486.0
2021-12-15,GBBL,10,506.0,5060.0,266.0,189645.90000000002,2021-12-13,479.4
2021-12-15,MDB,10,507.6,5076.0,396.0,194721.90000000002,2021-12-13,468.0
2021-12-15,MNBBL,10,493.0,4930.0,422.0,199651.90000000002,2021-12-13,450.8
2021-12-22,GBBL,10,496.0,4960.0,229.0,190260.90000000002,2021-12-20,473.1
2021-12-23,AHPC,10,446.5,4465.0,265.0,194725.90000000002,2021-12-08,420.0
2021-12-23,MDB,10,527.0,5270.0,450.0,199995.90000000002,2021-12-20,482.0
2021-12-23,MNBBL,10,513.5,5135.0,335.0,205130.90000000002,2021-12-21,480.0
2022-01-04,MDB,10,478.0,4780.0,437.0,197486.90000000002,2021-12-29,434.3
2022-01-05,CHCL,10,505.0,5050.0,350.0,202536.90000000002,2022-01-02,470.0
2022-01-10,CHCL,10,513.0,5130.0,230.0,202766.90000000002,2022-01-06,490.0
2022-01-12,OHL,10,520.2,5202.0,452.0,207968.90000000002,2021-12-05,475.0
2022-01-16,NHPC,10,401.0,4010.0,210.0,211978.90000000002,2021-12-12,380.0
2022-03-14,MDB,10,505.0,5050.0,350.0,199496.90000000002,2022-03-02,470.0
2022-03-14,OHL,10,495.0,4950.0,420.0,204446.90000000002,2022-03-09,453.0
2022-06-06,HBL,10,390.8,3908.0,527.0,184542.90000000002,2022-01-02,338.1
2022-07-15,OHL,10,494.5,4945.0,245.0,180879.90000000002,2022-06-07,470.0
2022-07-31,EBL,10,509.0,5090.0,338.0,185969.90000000002,2022-05-31,475.2
2022-07-31,MNBBL,10,499.8,4998.0,238.0,190967.90000000002,2022-04-06,476.0
2022-08-18,SBI,10,293.7,2937.0,-1113.0,193904.90000000002,2021-08-17,405.0
2022-09-01,KBL,10,197.0,1970.0,-1580.0,193083.90000000002,2021-08-31,355.0
2022-09-01,NMB,10,244.0,2440.0,-2050.0,195523.90000000002,2021-08-31,449.0
2022-10-09,OHL,10,457.5,4575.0,215.0,180868.90000000002,2022-09-16,436.0
2022-10-09,PCBL,10,226.0,2260.0,-2510.0,183128.90000000002,2021-10-03,477.0
2022-10-10,MNBBL,10,435.0,4350.0,340.0,187478.90000000002,2022-09-21,401.0
2022-10-11,CZBIL,10,195.2,1952.0,-1572.8000000000002,189430.90000000002,2021-10-10,352.48
2022-10-31,SANIMA,10,266.0,2660.0,-1520.0,179650.90000000002,2021-10-24,418.0
2022-11-03,PCBL,20,246.3,4926.0,426.0,184576.90000000002,2022-10-11,225.0
2022-11-07,ALICL,10,479.9,4799.0,299.0,189375.90000000002,2022-09-21,450.0
2022-11-07,MNBBL,10,440.0,4400.0,210.0,193775.90000000002,2022-10-11,419.0
2022-11-07,SBI,10,303.0,3030.0,239.0,196805.90000000002,2022-08-28,279.1
2022-11-16,ALICL,10,481.3,4813.0,253.0,197058.90000000002,2022-11-13,456.0
2022-11-29,ADBL,10,312.0,3120.0,-1790.0,200178.90000000002,2021-11-28,491.0
2022-12-04,BPCL,10,308.0,3080.0,-1772.0,198628.90000000002,2021-12-01,485.2
2022-12-06,JBBL,10,281.0,2810.0,-1970.0,198988.90000000002,2021-12-05,478.0
2022-12-28,EBL,10,486.4,4864.0,234.0,196210.90000000002,2022-12-01,463.0
2023-01-05,ADBL,10,340.0,3400.0,238.0,199610.90000000002,2022-12-18,316.2
2023-01-12,CZBIL,20,215.0,4300.0,550.0,203910.90000000002,2022-10-19,187.5
2023-01-12,SANIMA,10,267.0,2670.0,220.0,206580.90000000002,2022-12-05,245.0
2023-03-05,NHPC,10,240.0,2400.0,-1100.0,196411.90000000002,2022-03-02,350.0
2023-03-07,CHCL,10,455.4,4554.0,-248.0,200965.90000000002,2022-03-06,480.2
2023-03-22,GBBL,10,362.0,3620.0,-1280.0,200905.90000000002,2022-03-20,490.0
2023-04-04,AHPC,10,288.2,2882.0,-1818.0,195102.90000000002,2022-04-03,470.0
2023-04-05,MDB,10,363.0,3630.0,-1070.0,195850.90000000002,2022-04-04,470.0
2023-04-18,AHPC,10,310.0,3100.0,218.0,191780.90000000002,2023-04-04,288.2
2023-05-02,SBI,10,338.0,3380.0,256.0,195160.90000000002,2023-04-02,312.4
2023-05-23,MDB,10,384.0,3840.0,210.0,196130.90000000002,2023-04-05,363.0
2023-06-07,BPCL,10,355.0,3550.0,399.0,199680.90000000002,2023-03-26,315.1
2023-06-07,HBL,10,214.1,2141.0,-1767.0,201821.90000000002,2022-06-06,390.8
2023-06-14,GBBL,10,378.8,3788.0,248.0,201327.90000000002,2023-04-06,354.0
2023-06-15,AHPC,10,308.5,3085.0,215.0,204412.90000000002,2023-05-03,287.0
2023-06-20,JBBL,10,303.8,3038.0,278.0,207450.90000000002,2023-03-01,276.0
2023-06-28,SANIMA,10,270.0,2700.0,280.0,210150.90000000002,2023-02-20,242.0
2023-07-24,HBL,20,240.0,4800.0,518.0,212110.90000000002,2023-06-07,214.1
2023-09-03,NMB,10,222.2,2222.0,-218.0,203511.90000000002,2022-09-01,244.0
2023-09-10,KBL,20,158.0,3160.0,-760.0,191647.90000000002,2022-09-07,196.0
2023-09-17,MDB,10,415.0,4150.0,210.0,192637.90000000002,2023-09-07,394.0
2023-09-24,GBBL,10,391.0,3910.0,210.0,196547.90000000002,2023-09-07,370.0
2023-09-26,JBBL,10,314.0,3140.0,200.0,199687.90000000002,2023-09-07,294.0
2023-10-29,EBL,10,492.9,4929.0,309.0,182125.90000000002,2023-10-12,462.0
2023-11-27,CHCL,10,499.0,4990.0,330.0,182454.90000000002,2023-10-11,466.0
2023-11-27,MDB,10,413.5,4135.0,204.0,186589.90000000002,2023-10-16,393.1
2023-12-11,EBL,10,528.0,5280.0,619.0,191869.90000000002,2023-10-31,466.1
2023-12-11,GBBL,10,404.8,4048.0,258.0,195917.90000000002,2023-10-08,379.0
2023-12-19,PCBL,20,198.0,3960.0,-520.0,199877.90000000002,2022-12-18,224.0
2023-12-20,SANIMA,10,275.0,2750.0,270.0,202627.90000000002,2023-10-09,248.0
2023-12-21,JBBL,10,324.0,3240.0,230.0,205867.90000000002,2023-10-08,301.0
2024-01-10,GBBL,10,396.7,3967.0,267.0,202184.90000000002,2024-01-04,370.0
2024-01-10,MDB,10,418.0,4180.0,230.0,206364.90000000002,2024-01-01,395.0
2024-01-17,BPCL,10,347.8,3478.0,337.0,209842.90000000002,2023-08-15,314.1
2024-01-24,MNBBL,10,380.0,3800.0,-469.0,213642.90000000002,2023-01-23,426.9
2024-01-25,ADBL,10,244.5,2445.0,-675.0,212287.90000000002,2023-01-24,312.0
2024-03-05,BPCL,10,335.0,3350.0,250.0,186839.90000000002,2024-02-25,310.0
2024-03-13,CZBIL,20,170.0,3400.0,-280.0,190239.90000000002,2023-03-13,184.0
2024-03-13,MDB,10,410.0,4100.0,235.0,194339.90000000002,2024-02-29,386.5
2024-04-02,NHPC,10,150.0,1500.0,-910.0,186600.90000000002,2023-04-02,241.0
2024-05-21,ADBL,10,266.3,2663.0,263.0,184763.90000000002,2024-02-11,240.0
2024-05-26,NABIL,10,515.0,5150.0,435.0,189913.90000000002,2024-02-14,471.5
2024-05-26,PCBL,20,215.0,4300.0,460.0,194213.90000000002,2024-02-28,192.0
2024-05-26,SANIMA,10,267.0,2670.0,222.0,196883.90000000002,2024-02-21,244.8
2024-07-02,AHPC,10,153.0,1530.0,-1310.0,198413.90000000002,2023-07-02,284.0
2024-07-07,JBBL,10,312.0,3120.0,201.0,201533.90000000002,2024-04-01,291.9
2024-07-11,CZBIL,20,186.0,3720.0,410.0,205253.90000000002,2024-03-17,165.5
2024-07-15,GBBL,10,400.0,4000.0,250.0,209253.90000000002,2024-02-21,375.0
2024-07-17,BPCL,10,325.0,3250.0,240.0,212503.90000000002,2024-03-31,301.0
2024-07-17,CHCL,10,500.0,5000.0,320.0,217503.90000000002,2024-02-20,468.0
2024-07-17,NHPC,30,178.0,5340.0,840.0,222843.90000000002,2024-04-02,150.0
2024-07-21,KBL,20,180.0,3600.0,440.0,226443.90000000002,2023-09-10,158.0
2024-07-21,MNBBL,10,420.0,4200.0,400.0,230643.90000000002,2024-01-24,380.0
2024-07-21,SBI,10,381.0,3810.0,370.0,234453.90000000002,2023-08-30,344.0
2024-07-22,HBL,20,253.0,5060.0,820.0,239513.90000000002,2023-08-07,212.0
2024-07-22,NMB,20,250.0,5000.0,556.0,244513.90000000002,2023-09-03,222.2
2024-10-30,ADBL,10,377.0,3770.0,222.0,236939.90000000002,2024-10-27,354.8
2025-01-06,JBBL,10,375.5,3755.0,202.0,197990.90000000002,2024-12-31,355.3
2025-01-15,SBI,10,450.8,4508.0,208.0,198888.90000000002,2024-12-22,430.0
2025-03-02,NABIL,10,511.8,5118.0,288.0,194668.90000000002,2025-01-22,483.0
2025-03-03,AHPC,10,290.0,2900.0,200.0,197568.90000000002,2024-12-16,270.0
2025-03-03,BPCL,10,454.8,4548.0,478.0,202116.90000000002,2024-12-16,407.0
2025-03-03,NHPC,20,241.2,4824.0,464.0,206940.90000000002,2024-12-29,218.0
2025-04-08,BPCL,10,426.9,4269.0,329.0,190727.90000000002,2025-03-20,394.0
2025-04-22,AHPC,10,277.0,2770.0,249.0,193497.90000000002,2025-03-23,252.1
2025-05-08,CHCL,10,519.0,5190.0,337.0,198687.90000000002,2025-03-24,485.3
2025-05-08,NHPC,20,242.5,4850.0,532.0,203537.90000000002,2025-03-19,215.9
2025-05-21,CHCL,10,503.0,5030.0,300.0,203837.90000000002,2025-05-15,473.0
2025-05-25,NABIL,10,509.5,5095.0,245.0,208932.90000000002,2025-03-26,485.0
2025-07-03,ALICL,10,527.9,5279.0,431.0,209363.90000000002,2025-06-26,484.8
2025-07-03,SANIMA,10,339.0,3390.0,200.0,212753.90000000002,2024-10-27,319.0
2025-07-17,MNBBL,10,410.0,4100.0,320.0,207716.90000000002,2024-12-18,378.0
2025-07-17,NMB,10,273.0,2730.0,228.0,210446.90000000002,2024-12-08,250.2
2025-07-20,ALICL,10,519.8,5198.0,263.0,215644.90000000002,2025-07-16,493.5
2025-07-22,GBBL,10,464.7,4647.0,347.0,220291.90000000002,2024-12-18,430.0
2025-07-23,JBBL,10,401.5,4015.0,405.0,224306.90000000002,2025-01-13,361.0
2025-07-24,NHPC,20,235.0,4700.0,498.0,229006.90000000002,2025-07-08,210.1
